Plot_treatment,Plot_number,Quadrat_fenced,Quadrat_gap,Quadrat_number,Year_monitoring,Climber,Large Forb/Herb,Medium Forb/Herb,Medium Non-tufted grass/sedge,Medium Tufted grass/sedge,Prostrate or Mat-forming Forb/Herb,Small Non-tufted grass/sedge,Small Tufted grass/sedge,Prostrate Shrub,Tufted Ground Fern,Shrub,Small Forb/Herb,Large Tufted grass/sedge,Small Shrub,Non-tufted Ground Fern,Tiny Tufted grass/sedge,Scrambler,Large Shrub to Medium Tree,Large Non-tufted grass/sedge
Control,2,False,False,1,0,0.5,36.5,3.5,3.0,7.5,3.5,0.5,3.0,0.0,0.0,0.0,0.0,0.0,0.0,0.0,0.0,0.0,0.0,0.0
Control,2,False,False,1,3,1.5,77.5,36.5,9.0,22.5,30.0,9.0,0.0,9.0,0.0,0.0,0.0,0.0,0.0,0.0,0.0,0.0,0.0,0.0
Control,2,False,False,1,6,0.5,56.0,1.0,3.5,1.0,0.5,0.5,0.5,0.0,0.0,0.0,0.0,0.0,0.0,0.0,0.0,0.0,0.0,0.0
Control,2,False,False,2,0,0.5,55.5,4.0,7.5,3.0,36.0,0.5,7.5,0.5,0.5,0.0,0.0,0.0,0.0,0.0,0.0,0.0,0.0,0.0
Control,2,False,False,2,3,1.5,129.5,22.5,9.5,28.5,58.5,9.0,2.5,0.0,1.5,0.0,0.0,0.0,0.0,0.0,0.0,0.0,0.0,0.0
Control,2,False,False,2,6,0.5,56.0,7.0,10.5,0.5,1.5,0.5,0.5,3.5,0.0,0.0,0.0,0.0,0.0,0.0,0.0,0.0,0.0,0.0
Control,2,False,False,3,0,0.5,56.5,3.0,3.0,0.5,15.0,0.5,25.5,0.0,0.0,0.0,0.0,0.0,0.0,0.0,0.0,0.0,0.0,0.0
Control,2,False,False,3,3,0.0,97.0,21.5,6.0,1.0,30.0,6.0,0.0,0.0,0.0,0.0,0.0,0.0,0.0,0.0,0.0,0.0,0.0,0.0
Control,2,False,False,3,6,0.5,46.0,5.0,3.0,0.0,4.0,0.0,3.5,0.0,0.0,0.0,0.0,0.0,0.0,0.0,0.0,0.0,0.0,0.0
Control,2,False,False,4,0,0.5,27.0,2.0,3.0,3.5,8.0,0.0,6.0,0.0,0.0,0.0,0.0,0.0,0.0,0.0,0.0,0.0,0.0,0.0
Control,2,False,False,4,3,3.0,19.0,15.0,7.5,8.0,0.5,3.0,0.0,0.0,0.0,0.0,0.0,0.0,0.0,0.0,0.0,0.0,0.0,0.0
Control,2,False,False,4,6,0.5,35.5,4.5,3.0,0.0,4.0,0.5,0.5,0.0,0.0,0.0,0.0,0.0,0.0,0.0,0.0,0.0,0.0,0.0
Control,2,False,False,5,0,0.0,35.5,2.5,15.0,0.0,1.0,0.0,25.5,0.0,0.0,0.0,0.0,0.0,0.0,0.0,0.0,0.0,0.0,0.0
Control,2,False,False,5,3,0.5,28.0,5.0,3.0,0.0,2.0,3.0,3.5,0.0,0.0,0.0,0.0,0.0,0.0,0.0,0.0,0.0,0.0,0.0
Control,2,False,False,5,6,0.0,48.0,2.0,0.5,0.0,4.0,3.0,0.5,0.0,0.0,0.0,0.0,0.0,0.0,0.0,0.0,0.0,0.0,0.0
Control,2,False,False,6,0,0.5,5.0,3.0,15.0,0.5,46.5,0.5,3.0,0.0,0.0,0.5,0.5,0.0,0.0,0.0,0.0,0.0,0.0,0.0
Control,2,False,False,6,3,0.0,56.0,17.0,7.5,0.5,8.0,0.0,0.5,0.0,0.0,0.0,0.0,0.0,0.0,0.0,0.0,0.0,0.0,0.0
Control,2,False,False,6,6,0.5,55.5,10.5,3.0,0.5,4.5,3.0,2.0,0.0,0.0,0.0,0.0,0.0,0.0,0.0,0.0,0.0,0.0,0.0
Control,2,False,False,7,0,0.5,64.0,5.5,7.5,0.0,1.0,0.5,4.0,0.0,0.0,0.0,0.5,0.0,0.0,0.0,0.0,0.0,0.0,0.0
Control,2,False,False,7,3,3.0,51.5,20.5,3.0,3.0,3.5,3.0,0.0,0.0,0.0,0.0,0.0,0.0,0.0,0.0,0.0,0.0,0.0,0.0
Control,2,False,False,7,6,0.0,56.0,7.0,3.0,0.5,1.5,3.0,1.5,0.0,0.0,0.0,0.0,0.0,0.0,0.0,0.0,0.0,0.0,0.0
Control,2,False,False,8,0,0.0,46.0,6.0,3.0,0.0,1.5,0.5,0.5,0.0,0.5,0.0,0.0,0.0,0.0,0.0,0.0,0.0,0.0,0.0
Control,2,False,False,8,3,0.0,58.0,8.5,3.0,0.5,3.5,3.0,0.5,0.0,3.0,0.0,0.0,0.0,0.0,0.0,0.0,0.0,0.0,0.0
Control,2,False,False,8,6,0.0,56.0,2.5,3.0,0.5,3.5,3.0,0.0,0.0,0.5,0.0,0.0,0.0,0.0,0.0,0.0,0.0,0.0,0.0
Control,2,False,False,9,0,0.5,53.5,1.5,15.0,0.0,11.0,0.0,15.0,0.0,0.0,0.0,0.0,0.0,0.0,0.0,0.0,0.0,0.0,0.0
Control,2,False,False,9,3,0.0,3.5,0.5,0.0,0.5,0.0,0.5,0.5,0.0,0.0,0.0,0.0,0.0,0.0,0.0,0.0,0.0,0.0,0.0
Control,2,False,False,9,6,0.5,55.5,3.5,0.5,0.5,1.0,0.0,1.0,0.0,0.0,0.0,0.0,0.0,0.0,0.0,0.0,0.0,0.0,0.0
Control,2,False,False,10,0,0.0,37.5,3.0,3.0,0.0,2.0,0.5,3.0,0.0,0.0,0.0,0.0,0.0,0.0,0.0,0.0,0.0,0.0,0.0
Control,2,False,False,10,3,0.0,39.0,13.0,3.0,3.0,6.0,0.0,0.5,0.0,0.0,0.0,0.0,0.0,0.0,0.0,0.0,0.0,0.0,0.0
Control,2,False,False,10,6,0.5,49.5,7.5,0.5,0.0,4.0,0.0,0.5,0.0,0.0,0.0,0.0,0.0,0.0,0.0,0.0,0.0,0.0,0.0
Control,2,False,False,11,0,0.0,48.5,5.5,15.0,3.5,6.5,0.0,1.0,0.0,0.0,0.0,0.0,0.0,0.0,0.0,0.0,0.0,0.0,0.0
Control,2,False,False,11,3,0.5,61.5,6.5,7.5,3.5,8.5,3.0,0.5,0.0,0.0,0.0,0.0,0.0,0.0,0.0,0.0,0.0,0.0,0.0
Control,2,False,False,11,6,0.5,45.5,3.5,8.0,0.5,2.0,0.0,0.0,0.0,0.0,0.0,0.0,0.0,0.0,0.0,0.0,0.0,0.0,0.0
Control,2,False,False,12,0,0.5,76.0,3.5,25.0,0.0,51.0,0.0,15.0,0.0,0.0,0.0,0.0,0.5,0.0,0.0,0.0,0.0,0.0,0.0
Control,2,False,False,12,3,1.0,162.0,12.0,6.0,0.0,16.0,1.0,0.0,0.0,0.0,0.0,0.0,0.0,1.0,0.0,0.0,0.0,0.0,0.0
Control,2,False,False,12,6,0.0,68.5,5.5,3.5,0.0,1.5,0.0,3.0,0.0,0.0,0.0,0.0,0.0,0.0,0.0,0.0,0.0,0.0,0.0
Control,2,False,False,13,0,0.0,16.5,2.0,15.0,0.0,25.0,0.0,65.5,0.0,0.0,0.0,0.0,0.0,0.0,0.0,0.0,0.0,0.0,0.0
Control,2,False,False,13,3,0.0,53.0,7.0,25.0,0.5,6.0,3.0,18.0,0.0,0.0,0.0,0.0,0.0,0.0,0.0,0.0,0.0,0.0,0.0
Control,2,False,False,13,6,0.0,58.0,2.0,3.0,0.0,4.0,0.5,0.5,0.0,0.0,0.0,0.0,0.0,0.0,0.0,0.0,0.0,0.0,0.0
Control,2,False,False,14,0,0.0,46.0,2.5,0.5,0.5,3.5,0.5,3.5,0.0,0.0,0.0,0.0,0.0,0.0,0.0,0.0,0.0,0.0,0.0
Control,2,False,False,14,3,0.0,51.5,8.5,3.0,3.0,3.5,0.5,3.0,0.0,0.0,0.0,0.0,0.5,0.0,3.0,0.0,0.0,0.0,0.0
Control,2,False,False,14,6,0.0,48.5,2.5,0.5,0.5,4.0,0.0,1.0,0.0,0.0,0.0,0.0,0.0,0.0,0.0,0.0,0.0,0.0,0.0
Control,2,False,False,15,0,0.0,4.0,4.0,0.5,0.5,0.0,0.5,0.5,0.0,0.0,0.0,0.0,0.0,0.0,0.0,0.0,0.0,0.0,0.0
Control,2,False,False,15,3,0.5,22.5,4.0,0.5,3.0,0.5,3.0,0.5,0.0,0.0,0.0,0.0,0.0,0.0,3.0,0.0,0.0,0.0,0.0
Control,2,False,False,15,6,0.0,26.0,3.5,3.0,1.0,0.5,0.5,1.0,0.0,0.0,0.0,0.0,0.0,0.0,0.5,0.0,0.0,0.0,0.0
Control,2,False,False,16,0,0.0,9.0,2.5,0.5,0.0,0.0,0.5,3.5,0.0,0.0,0.0,0.0,0.0,0.0,0.0,0.0,0.0,0.0,0.0
Control,2,False,False,16,3,0.0,28.5,2.0,0.5,3.0,0.5,3.0,0.0,0.0,0.0,0.0,0.0,0.0,0.0,7.5,0.0,0.0,0.0,0.0
Control,2,False,False,16,6,0.0,16.0,3.5,0.5,0.5,3.5,0.0,0.0,0.0,0.0,0.0,0.0,0.0,0.0,0.0,0.0,0.0,0.0,0.0
Control,4,False,False,1,0,0.5,67.0,3.5,7.5,8.0,3.5,0.5,0.0,0.0,0.0,0.0,0.0,0.0,0.0,0.0,0.0,0.0,0.0,0.0
Control,4,False,False,1,3,3.0,93.0,18.0,0.5,3.5,14.0,1.0,3.0,0.0,0.0,0.0,0.0,0.0,0.0,0.0,0.0,0.0,0.0,0.0
Control,4,False,False,1,6,0.0,65.5,13.5,3.5,0.0,3.0,3.0,0.0,0.0,0.0,0.0,0.0,0.0,0.0,0.0,0.0,0.0,0.0,0.0
Control,4,False,False,2,0,0.0,16.5,6.5,0.5,0.5,1.0,0.5,7.5,0.0,0.0,0.0,0.0,0.0,0.0,0.0,0.0,0.0,0.0,0.0
Control,4,False,False,2,3,0.0,44.5,15.0,1.0,3.0,2.0,0.5,6.0,0.0,0.0,0.0,0.0,0.0,0.0,0.0,0.0,0.0,0.0,0.0
Control,4,False,False,2,6,0.5,35.0,1.5,1.5,0.5,1.0,0.5,0.0,0.0,0.0,0.0,0.0,0.0,0.0,0.0,0.0,0.0,0.0,0.0
Control,4,False,False,3,0,0.0,66.5,4.0,7.5,3.0,3.0,0.5,0.5,0.0,0.0,0.0,0.0,0.0,0.0,0.0,0.0,0.0,0.0,0.0
Control,4,False,False,3,3,0.5,102.0,8.5,0.5,3.0,16.5,3.0,3.5,0.0,0.0,0.0,0.0,0.0,0.0,0.0,0.0,0.0,0.0,0.0
Control,4,False,False,3,6,0.0,65.0,4.5,0.5,0.0,1.0,0.0,3.0,0.0,0.0,0.0,0.0,0.0,0.0,0.0,0.0,0.0,0.0,0.0
Control,4,False,False,4,0,0.0,26.5,3.0,0.0,0.0,8.0,0.5,3.0,0.0,0.0,0.0,0.0,0.0,0.0,0.0,0.0,0.0,0.0,0.0
Control,4,False,False,4,3,0.5,63.5,8.0,3.5,0.0,9.0,0.5,4.5,0.5,0.0,0.0,0.0,0.0,0.5,0.0,0.0,0.0,0.0,0.0
Control,4,False,False,4,6,0.0,45.5,27.5,0.5,0.0,1.5,0.5,0.5,0.0,0.0,0.0,0.0,0.0,0.0,0.0,0.0,0.0,0.0,0.0
Control,4,False,False,5,0,0.5,47.5,8.5,0.5,8.0,1.0,0.5,1.0,0.0,0.0,0.0,0.0,0.0,0.0,0.5,0.0,0.0,0.0,0.0
Control,4,False,False,5,3,3.5,82.0,16.0,0.0,3.0,3.5,0.5,3.5,0.5,0.0,0.0,0.0,0.0,0.0,0.5,0.0,0.0,0.0,0.0
Control,4,False,False,5,6,0.5,55.5,4.0,0.5,0.0,1.0,0.0,0.5,0.0,0.0,0.0,0.0,0.0,0.0,0.0,0.0,0.0,0.0,0.0
Control,4,False,False,6,0,0.0,46.5,2.5,0.5,3.0,1.0,0.5,0.5,0.0,0.0,0.0,0.0,0.0,0.0,0.5,0.0,0.0,0.0,0.0
Control,4,False,False,6,3,0.5,53.0,13.0,3.0,3.0,6.5,3.5,2.0,0.0,0.0,0.0,0.0,0.0,0.0,1.0,0.0,0.0,0.0,0.0
Control,4,False,False,6,6,0.0,76.5,2.0,0.0,0.0,3.5,0.5,3.0,0.0,0.0,0.0,0.0,0.0,0.0,0.0,0.0,0.0,0.0,0.0
Control,4,False,False,7,0,0.0,47.0,1.0,0.5,0.5,0.0,0.0,0.5,0.0,0.0,0.0,0.0,0.5,0.0,0.0,0.0,0.0,0.0,0.0
Control,4,False,False,7,3,0.5,88.0,9.5,28.0,3.5,9.5,6.0,1.0,0.0,0.0,0.0,0.0,0.5,0.0,0.0,0.0,0.0,0.0,0.0
Control,4,False,False,7,6,0.0,56.5,2.0,0.5,0.0,1.0,3.0,0.5,0.0,0.0,0.0,0.0,0.0,0.0,0.0,0.0,0.0,0.0,0.0
Control,4,False,False,8,0,0.5,46.5,2.0,0.5,3.0,1.0,0.5,3.0,0.0,0.0,0.0,0.0,0.0,0.0,0.0,0.0,0.0,0.0,0.0
Control,4,False,False,8,3,0.0,49.0,4.0,0.5,3.0,3.5,3.0,1.0,0.0,0.0,0.0,0.0,0.0,0.0,0.5,0.0,0.0,0.0,0.0
Control,4,False,False,8,6,0.0,56.0,1.0,1.0,0.0,1.5,0.0,0.5,0.0,0.0,0.0,0.0,0.0,0.0,0.0,0.0,0.0,0.0,0.0
Control,4,False,False,9,0,0.0,26.5,0.5,0.0,3.0,0.0,0.0,0.5,0.0,0.0,0.0,0.0,0.0,0.0,0.0,0.0,0.0,0.0,0.0
Control,4,False,False,9,3,0.5,51.5,10.5,3.5,3.0,4.0,0.5,3.0,0.0,0.0,0.0,0.0,0.0,0.0,0.0,0.0,0.0,0.0,0.0
Control,4,False,False,9,6,0.0,0.5,3.0,0.5,0.0,0.5,0.0,3.5,0.0,0.0,0.0,0.0,0.0,0.0,0.0,0.0,0.0,0.0,0.0
Control,4,False,False,10,0,0.0,27.0,2.5,0.5,1.0,0.5,0.5,0.5,0.0,0.0,0.0,0.0,0.0,0.0,0.0,0.0,0.0,0.0,0.0
Control,4,False,False,10,3,0.0,48.0,7.5,25.5,1.0,11.0,6.0,4.5,0.0,0.0,0.0,0.0,0.0,0.0,0.0,0.0,0.0,0.0,0.0
Control,4,False,False,10,6,0.5,45.0,1.5,0.5,0.0,3.5,0.0,1.0,0.0,0.0,0.0,0.0,0.0,0.0,0.0,0.0,0.0,0.0,0.0
Control,4,False,False,11,0,1.0,36.5,3.0,0.5,3.0,0.5,0.0,0.5,0.0,0.0,0.0,0.0,0.0,0.0,0.0,0.0,0.0,0.0,0.0
Control,4,False,False,11,3,0.0,64.5,9.5,3.5,3.0,15.5,3.0,3.0,0.0,0.0,0.0,0.0,0.0,0.0,0.0,0.0,0.0,0.0,0.0
Control,4,False,False,11,6,0.0,26.5,1.5,0.5,0.5,0.5,0.5,0.0,0.0,0.0,0.0,0.0,0.0,0.0,0.0,0.0,0.0,0.0,0.0
Control,4,False,False,12,0,0.0,36.0,1.0,0.5,0.5,0.5,0.0,1.0,0.0,0.0,0.0,0.0,0.0,0.0,0.5,0.0,0.0,0.0,0.0
Control,4,False,False,12,3,0.5,52.0,11.5,6.0,0.0,1.5,7.5,1.5,0.0,3.0,0.0,0.5,0.0,0.0,3.0,0.0,0.0,0.0,0.0
Control,4,False,False,12,6,0.0,1.0,4.0,0.5,0.0,1.0,0.5,1.0,0.0,0.0,0.0,0.0,0.0,0.0,3.0,0.0,0.0,0.0,0.0
Control,4,False,False,13,0,0.0,16.5,1.5,0.5,0.0,0.0,0.0,0.5,0.0,0.0,0.0,0.0,0.0,0.0,0.5,0.0,0.0,0.0,0.0
Control,4,False,False,13,3,3.0,87.0,6.5,0.5,3.0,7.0,3.5,6.5,0.0,0.0,0.0,0.0,0.0,0.0,3.0,0.0,0.0,0.0,0.0
Control,4,False,False,13,6,0.0,3.0,26.5,0.5,0.0,3.0,0.5,0.5,0.0,0.0,0.0,0.0,0.0,0.0,0.0,0.0,0.0,0.0,0.0
Control,4,False,False,14,0,0.0,16.5,2.0,0.5,0.0,1.0,0.5,0.5,0.5,0.0,0.0,0.0,0.0,0.0,0.0,0.0,0.0,0.0,0.0
Control,4,False,False,14,3,3.0,71.5,15.0,7.5,0.0,12.5,6.0,4.5,0.0,0.0,0.0,0.0,0.5,0.0,0.0,0.0,0.0,0.0,0.0
Control,4,False,False,14,6,0.0,25.0,3.0,0.5,0.0,1.0,0.5,1.0,3.0,0.0,0.0,0.0,0.0,0.0,0.0,0.0,0.0,0.0,0.0
Control,4,False,False,15,0,0.0,66.0,1.0,0.5,1.0,1.5,0.5,0.5,0.0,0.0,0.0,0.0,0.0,0.0,0.5,0.0,0.0,0.0,0.0
Control,4,False,False,15,3,0.0,65.0,2.0,1.0,1.0,5.5,0.5,0.5,0.0,0.0,0.0,0.0,0.0,0.0,3.0,0.0,0.0,0.0,0.0
Control,4,False,False,15,6,0.0,65.5,2.0,1.0,0.5,1.0,0.0,0.0,0.0,0.0,0.0,0.0,0.0,0.0,0.5,0.0,0.0,0.0,0.0
Control,4,False,False,16,0,0.0,25.5,2.0,0.5,0.0,1.0,0.0,3.0,0.0,0.0,0.0,0.0,0.0,0.0,0.0,0.0,0.0,0.0,0.0
Control,4,False,False,16,3,0.5,37.0,13.5,3.5,0.0,10.0,3.5,6.0,0.0,0.0,0.0,0.0,0.0,0.0,0.0,0.0,0.0,0.0,0.0
Control,4,False,False,16,6,0.0,35.5,2.0,3.0,0.0,1.0,0.0,0.0,0.0,0.0,0.0,0.0,0.0,0.0,0.0,0.0,0.0,0.0,0.0
Control,4,False,False,17,0,0.0,4.0,1.0,0.5,0.0,0.0,0.0,25.0,0.0,0.0,0.0,0.0,0.0,0.0,0.0,0.0,0.0,0.0,0.0
Control,4,False,False,17,3,0.5,10.5,1.0,0.0,0.0,1.0,0.5,8.0,0.0,0.0,0.0,0.0,0.0,0.0,0.0,0.0,0.0,0.0,0.0
Control,4,False,False,17,6,0.0,0.5,1.0,1.0,0.0,1.0,0.0,3.5,0.0,0.0,0.0,0.0,0.0,0.0,0.0,0.0,0.0,0.0,0.0
Control,4,False,False,18,0,0.0,36.5,5.0,0.5,0.0,0.0,0.5,3.5,0.0,0.5,0.0,0.0,0.0,0.0,0.0,0.0,0.0,0.0,0.0
Control,4,False,False,18,3,0.0,35.5,8.0,0.5,0.5,0.5,3.0,6.0,0.0,0.5,0.0,0.0,0.0,0.0,0.0,0.0,0.0,0.0,0.0
Control,4,False,False,18,6,0.0,25.5,3.0,0.5,0.5,1.0,0.5,0.5,0.0,0.5,0.0,0.0,0.0,0.0,0.0,0.0,0.0,0.0,0.0
Control,4,False,False,19,0,0.0,26.0,1.5,0.5,0.0,0.5,0.0,3.0,0.0,0.0,0.0,0.0,0.0,0.0,0.0,0.0,0.0,0.0,0.0
Control,4,False,False,19,3,0.0,38.0,8.5,0.5,0.0,3.0,0.5,3.5,0.0,0.0,0.0,0.0,0.0,0.0,0.0,0.0,0.0,0.0,0.0
Control,4,False,False,19,6,0.0,46.0,2.0,0.5,0.0,0.5,0.5,0.5,0.0,0.0,0.0,0.0,0.0,0.0,0.0,0.0,0.0,0.0,0.0
Control,4,False,False,20,0,0.0,1.5,1.5,0.5,0.0,3.0,0.5,7.5,0.0,0.0,0.0,0.0,0.0,0.0,0.0,0.0,0.0,0.0,0.0
Control,4,False,False,20,3,0.0,28.0,5.0,0.5,0.0,3.5,3.0,8.0,0.0,0.0,0.0,0.0,0.0,0.0,0.0,0.0,0.0,0.0,0.0
Control,4,False,False,20,6,0.0,18.5,1.5,0.5,0.0,4.0,0.5,0.5,0.0,0.0,0.0,0.0,0.0,0.0,0.0,0.5,0.0,0.0,0.0
Control,4,False,False,21,0,0.0,49.5,2.5,7.5,0.0,0.0,0.5,0.5,0.0,0.0,0.0,0.0,0.5,0.0,0.0,0.0,0.0,0.0,0.0
Control,4,False,False,21,3,0.5,0.5,7.0,3.0,0.0,3.5,3.0,0.5,0.0,0.0,0.0,0.0,0.0,0.0,0.0,0.0,0.0,0.0,0.0
Control,4,False,False,21,6,0.0,36.0,3.5,0.5,0.0,0.5,0.0,0.5,0.0,0.0,0.0,0.0,0.0,0.0,0.0,0.0,0.0,0.0,0.0
Control,4,False,False,22,0,0.0,38.0,5.5,0.0,0.5,0.5,0.5,7.5,0.0,0.0,0.0,0.0,0.0,0.0,0.0,0.0,0.0,0.0,0.0
Control,4,False,False,22,3,0.0,39.0,5.5,0.5,3.0,3.5,0.0,3.0,0.0,0.0,0.0,0.0,0.0,0.0,0.0,0.0,0.0,0.0,0.0
Control,4,False,False,22,6,0.0,26.0,3.0,0.5,0.5,1.0,0.5,3.0,0.0,0.0,0.0,0.0,0.0,0.0,0.0,0.0,0.0,0.0,0.0
Control,4,False,False,23,0,0.0,8.5,1.0,0.5,0.0,0.5,0.0,25.0,0.0,0.0,0.0,0.0,0.5,0.0,0.0,0.0,0.0,0.0,0.0
Control,4,False,False,23,3,0.0,19.0,4.5,0.5,0.0,1.0,0.5,8.0,0.0,0.0,0.0,0.0,0.5,0.0,0.0,0.0,0.0,0.0,0.0
Control,4,False,False,23,6,0.0,15.0,0.5,0.0,0.0,0.5,0.0,1.0,0.0,0.0,0.0,0.0,0.5,0.0,0.0,0.0,0.0,0.0,0.0
Control,4,False,False,24,0,0.0,15.5,1.0,0.0,0.5,0.5,0.0,0.5,0.0,0.0,0.0,0.0,0.0,0.0,0.5,0.0,0.0,0.0,0.0
Control,4,False,False,24,3,0.0,28.5,3.0,0.0,0.0,4.0,0.0,3.0,0.0,0.0,0.0,0.0,0.0,0.0,0.5,0.0,0.0,0.0,0.0
Control,4,False,False,24,6,0.0,15.5,1.5,0.0,0.0,1.0,0.0,0.5,0.0,0.0,0.0,0.0,0.0,0.0,0.0,0.0,0.0,0.0,0.0
Control,4,False,False,25,0,3.0,36.0,1.5,25.0,0.0,1.0,0.0,0.5,0.0,0.0,0.0,0.0,0.0,0.0,0.0,0.0,0.0,0.0,0.0
Control,4,False,False,25,3,3.0,19.0,7.5,7.5,0.0,3.5,0.0,0.5,0.0,0.0,0.0,0.0,0.0,0.0,0.0,0.0,0.0,0.0,0.0
Control,4,False,False,25,6,0.0,26.0,3.0,0.5,0.0,5.0,0.0,0.5,0.0,0.0,0.0,0.0,0.0,0.0,0.0,0.0,0.0,0.0,0.0
Control,4,False,False,26,0,0.5,26.0,3.0,3.0,0.5,0.5,0.5,3.5,0.0,0.0,0.0,0.0,0.0,0.0,0.0,0.0,0.0,0.0,0.0
Control,4,False,False,26,3,3.0,35.5,9.5,0.5,0.0,0.5,0.5,3.0,0.0,0.0,0.0,0.0,0.0,0.0,0.0,0.0,0.0,0.0,0.0
Control,4,False,False,26,6,0.0,36.0,3.0,3.0,0.5,1.5,0.0,3.0,0.0,0.0,0.0,0.0,0.0,0.0,0.0,0.0,0.0,0.0,0.0
Control,4,False,False,27,0,0.0,57.0,3.5,3.0,0.0,0.5,0.5,1.0,0.0,0.0,0.0,0.0,0.0,0.0,0.0,0.0,0.0,0.0,0.0
Control,4,False,False,27,3,0.0,47.0,4.5,0.5,0.0,1.0,0.5,1.0,0.0,0.0,0.0,0.0,0.0,0.0,0.0,0.0,0.0,0.0,0.0
Control,4,False,False,27,6,0.0,37.0,2.0,0.0,0.5,1.5,0.0,0.5,0.0,0.0,0.0,0.0,0.0,0.0,0.0,0.0,0.0,0.0,0.0
Control,4,False,False,28,0,0.0,17.0,0.0,0.5,0.0,0.0,0.5,0.5,0.0,0.0,0.0,0.0,0.0,0.0,0.0,0.0,0.0,0.0,0.0
Control,4,False,False,28,3,0.0,25.5,2.0,0.5,0.0,0.5,3.0,1.0,0.0,0.0,0.0,0.0,0.0,0.0,0.0,0.0,0.0,0.0,0.0
Control,4,False,False,28,6,0.0,25.0,2.0,0.5,0.0,0.5,0.0,1.0,0.0,0.0,0.0,0.0,0.0,0.0,0.0,0.0,0.0,0.0,0.0
Control,4,False,False,29,0,0.0,26.5,2.0,0.5,0.5,0.5,0.0,0.5,0.0,0.0,0.0,0.0,0.0,0.0,0.0,0.0,0.0,0.0,0.0
Control,4,False,False,29,3,0.0,9.0,11.0,0.0,0.5,1.0,3.0,3.0,0.0,0.0,0.0,0.0,0.0,0.0,0.0,0.0,0.0,0.0,0.0
Control,4,False,False,29,6,0.0,45.5,1.5,0.5,0.0,1.0,0.0,0.5,0.0,0.0,0.0,0.0,0.0,0.0,0.0,0.0,0.0,0.0,0.0
Control,4,False,False,30,0,0.0,16.0,1.5,0.5,0.0,0.0,0.0,25.0,0.0,0.0,0.0,0.0,0.0,0.0,0.0,0.0,0.0,0.0,0.0
Control,4,False,False,30,3,0.0,19.0,5.5,0.5,0.0,1.0,15.0,0.5,0.0,0.0,0.0,0.0,0.0,0.0,0.0,0.0,0.0,0.0,0.0
Control,4,False,False,30,6,0.0,25.5,2.5,0.5,0.0,1.5,0.0,3.5,0.0,0.0,0.0,0.0,0.0,0.0,0.0,0.0,0.0,0.0,0.0
Control,4,False,False,31,0,0.5,36.0,2.0,3.0,0.5,1.5,0.5,0.5,0.0,0.0,0.0,0.0,1.0,0.0,0.0,0.0,0.0,0.0,0.0
Control,4,False,False,31,3,0.0,39.0,2.0,3.0,0.0,4.5,0.0,0.5,0.0,0.0,0.0,0.0,0.0,0.0,0.0,0.0,0.0,0.0,0.0
Control,4,False,False,31,6,0.0,55.5,2.0,0.5,0.0,1.5,0.5,0.0,0.0,0.0,0.0,0.0,0.0,0.0,0.0,0.0,0.0,0.0,0.0
Control,4,False,False,32,0,0.5,46.5,2.0,0.5,3.5,0.5,0.5,0.5,0.0,0.0,0.0,0.0,0.0,0.0,0.0,0.0,0.0,0.0,0.0
Control,4,False,False,32,6,0.0,1.0,1.0,3.0,0.5,0.5,0.0,1.0,0.0,0.0,0.0,0.0,0.0,0.0,0.0,0.0,0.0,0.0,0.0
Control,6,False,False,1,0,0.0,46.0,2.0,25.0,0.5,36.5,0.5,3.5,0.0,0.0,0.0,0.0,0.0,0.0,0.5,0.0,0.0,0.0,0.0
Control,6,False,False,1,3,0.5,25.5,3.0,7.5,0.5,1.5,0.0,8.5,0.0,0.5,0.0,0.0,0.0,0.0,0.0,0.0,0.0,0.0,0.0
Control,6,False,False,1,6,0.0,35.0,1.5,3.5,0.5,1.0,0.5,3.0,0.0,0.0,0.0,0.0,0.0,0.0,3.0,0.0,0.0,0.0,0.0
Control,6,False,False,2,0,0.5,26.0,5.5,15.0,0.5,16.5,0.0,4.0,0.0,0.0,0.0,0.0,0.0,0.0,0.5,0.0,0.0,0.0,0.0
Control,6,False,False,2,3,0.5,25.5,4.5,15.0,1.0,3.5,0.0,0.5,0.0,0.5,0.0,0.5,0.0,0.0,3.0,0.0,0.0,0.0,0.0
Control,6,False,False,2,6,0.5,45.0,4.5,0.5,0.0,4.0,0.5,3.5,0.0,0.0,0.0,0.0,0.0,0.0,3.0,0.0,0.0,0.0,0.0
Control,6,False,False,3,0,3.0,75.5,2.0,15.0,1.0,25.5,0.0,0.0,0.0,0.0,0.0,0.0,0.5,0.0,3.0,0.0,0.0,0.0,0.0
Control,6,False,False,3,3,0.5,65.5,2.5,7.5,1.0,6.0,0.0,1.0,0.0,0.0,0.0,0.5,0.0,0.0,3.0,0.0,0.0,0.0,0.0
Control,6,False,False,3,6,0.5,76.0,5.0,3.5,0.0,1.0,0.5,0.5,0.0,0.0,0.0,0.0,0.5,0.0,0.0,0.0,0.0,0.0,0.0
Control,6,False,False,4,0,0.5,76.0,0.5,15.0,15.5,15.5,0.5,0.0,0.0,0.0,0.0,0.0,0.0,0.0,7.5,0.0,0.0,0.0,0.0
Control,6,False,False,4,3,0.5,72.5,5.0,3.0,6.0,11.0,0.0,0.5,0.0,0.0,0.0,0.5,0.0,0.0,7.5,0.0,0.0,0.0,0.0
Control,6,False,False,4,6,0.0,75.0,7.5,1.0,1.0,1.0,0.5,1.5,0.0,0.0,0.0,0.0,0.0,0.0,3.0,0.0,0.0,0.0,0.0
Control,6,False,False,5,0,0.5,25.5,6.0,25.0,10.5,1.0,0.5,8.0,0.0,0.0,0.0,0.0,3.0,0.0,7.5,0.0,0.0,0.0,0.0
Control,6,False,False,5,3,0.0,15.5,13.0,7.5,1.0,6.5,0.0,1.0,0.0,0.0,0.0,3.0,0.0,0.0,7.5,0.0,0.0,0.0,0.0
Control,6,False,False,5,6,0.5,35.5,3.5,0.5,1.0,2.0,0.5,3.5,0.5,0.0,0.0,0.0,0.0,0.0,25.0,0.0,0.0,0.0,0.0
Control,6,False,False,6,0,0.0,26.0,10.5,35.0,3.5,1.0,3.0,16.5,0.0,0.0,0.0,0.0,0.0,0.0,3.0,0.0,0.0,0.0,0.0
Control,6,False,False,6,3,0.5,25.0,20.0,3.0,3.5,6.0,0.0,3.5,0.0,0.0,0.0,0.0,0.0,0.0,0.5,0.0,0.0,0.0,0.0
Control,6,False,False,6,6,0.0,36.0,1.5,3.0,0.5,4.5,3.0,0.5,0.5,0.0,0.0,0.0,0.0,0.0,0.5,0.0,0.0,0.0,0.0
Control,6,False,False,7,0,0.0,15.5,3.0,0.5,3.5,1.0,0.5,3.5,0.0,0.0,0.0,0.0,0.5,0.0,3.0,0.0,0.0,0.0,0.0
Control,6,False,False,7,3,0.0,3.0,5.0,3.0,0.5,3.0,3.0,3.0,0.0,0.5,0.0,0.5,0.5,0.0,3.0,0.0,0.0,0.0,0.0
Control,6,False,False,7,6,0.0,15.5,7.0,0.0,1.5,1.0,0.5,1.5,0.0,0.0,0.0,0.0,0.5,0.0,3.0,0.0,0.0,0.0,0.0
Control,6,False,False,8,0,0.0,36.0,8.5,15.0,6.0,7.0,0.0,7.5,0.0,0.0,0.0,0.0,7.5,0.0,15.0,0.0,0.0,0.0,0.0
Control,6,False,False,8,3,0.0,25.5,16.0,3.0,6.0,3.5,0.0,1.0,0.0,0.0,0.0,0.0,0.0,0.0,7.5,0.0,0.0,0.0,0.0
Control,6,False,False,8,6,0.5,46.0,7.0,0.5,1.5,1.0,0.5,0.5,0.5,0.0,0.0,0.0,0.5,0.0,7.5,0.0,0.0,0.0,0.0
Control,6,False,False,9,0,0.0,1.0,1.0,15.0,3.0,28.0,0.0,8.0,0.0,0.0,0.0,0.0,0.0,0.0,0.5,0.0,0.0,0.0,0.0
Control,6,False,False,9,3,0.5,0.5,66.5,3.0,0.5,3.5,0.0,0.0,0.0,0.0,0.0,0.0,0.5,0.0,3.0,0.0,0.0,0.0,0.0
Control,6,False,False,9,6,0.0,65.5,2.5,1.0,1.0,1.0,0.5,0.0,0.0,0.0,0.0,0.0,0.0,0.0,3.0,0.0,0.0,0.0,0.0
Control,6,False,False,10,0,0.0,65.5,2.0,25.0,3.0,7.5,3.0,25.0,0.0,0.0,0.0,0.0,0.0,0.0,3.0,0.0,0.0,0.0,0.0
Control,6,False,False,10,3,0.0,16.0,8.0,25.0,0.5,35.0,0.0,7.5,0.0,0.0,0.0,0.0,0.0,0.0,3.0,0.0,0.0,0.0,0.0
Control,6,False,False,10,6,0.0,26.5,2.5,3.0,0.5,0.5,0.5,3.0,0.0,0.0,0.0,0.0,0.0,0.0,3.0,0.0,0.0,0.0,0.0
Control,6,False,False,11,0,0.0,5.0,4.0,25.0,3.5,3.5,0.5,3.5,0.0,0.0,0.0,0.0,0.0,0.0,3.0,0.0,0.0,0.0,0.0
Control,6,False,False,11,3,0.0,45.5,5.5,3.0,0.5,3.0,3.0,1.0,0.0,0.0,0.0,0.5,0.0,0.0,0.5,0.0,0.0,0.0,0.0
Control,6,False,False,11,6,0.0,46.0,3.5,7.5,0.0,0.5,0.0,3.5,0.0,0.0,0.0,0.0,0.0,0.0,0.0,0.0,0.0,0.0,0.0
Control,6,False,False,12,0,0.0,55.5,2.0,0.5,0.0,1.0,0.5,3.5,0.0,0.0,0.0,0.0,0.0,0.0,3.0,0.0,0.0,0.0,0.0
Control,6,False,False,12,3,0.0,65.0,5.0,0.5,3.0,3.5,0.0,1.0,0.0,0.0,0.0,0.0,0.0,0.0,3.0,0.0,0.0,0.0,0.0
Control,6,False,False,12,6,0.0,55.5,1.5,3.0,0.0,1.5,0.5,1.0,0.0,0.0,0.0,0.0,0.0,0.0,0.5,0.0,0.0,0.0,0.0
Control,6,False,False,13,0,0.0,16.5,3.0,3.0,1.0,1.0,0.5,7.5,0.0,0.0,0.0,0.0,0.0,0.0,0.0,0.0,0.0,0.0,0.0
Control,6,False,False,13,3,0.0,28.5,4.5,3.0,0.5,9.0,0.0,3.5,0.0,0.0,0.0,0.0,3.0,0.0,0.0,0.0,0.0,0.0,0.0
Control,6,False,False,13,6,0.0,25.0,1.0,1.0,3.0,1.0,0.5,3.0,0.0,0.0,0.0,0.0,0.0,0.0,0.0,0.0,0.0,0.0,0.0
Control,6,False,False,14,0,0.0,1.0,2.5,35.0,1.0,8.0,0.5,1.5,0.0,0.0,0.5,0.0,3.5,0.0,0.0,0.0,0.0,0.0,0.0
Control,6,False,False,14,3,0.0,3.5,8.5,0.0,3.0,10.5,0.0,8.5,0.0,0.0,0.0,0.0,0.0,0.0,0.0,0.0,0.0,0.0,0.0
Control,6,False,False,14,6,0.0,3.5,1.0,3.5,0.5,1.0,0.0,3.5,0.0,0.0,0.0,0.0,0.0,0.0,0.0,0.0,0.0,0.0,0.0
Control,6,False,False,15,0,0.0,8.5,2.5,0.0,1.0,1.0,0.5,25.5,0.0,0.0,0.0,0.0,1.0,0.0,0.0,0.0,0.0,0.0,0.0
Control,6,False,False,15,3,0.0,8.0,5.0,3.0,3.0,6.0,3.0,8.0,0.0,0.0,0.0,0.5,1.0,0.0,0.0,0.0,0.0,0.0,0.0
Control,6,False,False,15,6,0.0,26.5,2.0,0.5,0.5,4.0,0.5,3.5,0.0,0.0,0.0,0.0,0.0,0.0,0.0,0.0,0.0,0.0,0.0
Control,6,False,False,16,0,0.0,1.5,2.0,3.0,0.0,0.5,0.0,3.0,0.0,0.0,0.0,0.0,1.0,0.0,0.0,0.0,0.0,0.0,0.0
Control,6,False,False,16,3,0.0,0.0,1.5,0.5,0.5,0.0,0.0,0.5,0.0,0.0,0.0,0.0,0.0,0.0,0.0,0.0,0.0,0.0,0.0
Control,6,False,False,16,6,0.0,0.5,1.0,0.5,0.0,0.5,0.0,3.5,0.0,0.0,0.0,0.0,0.5,0.0,0.0,0.0,0.0,0.0,0.0
Control,11,False,False,1,0,0.0,1.0,2.5,0.5,0.0,1.5,0.5,15.0,0.0,0.0,0.0,0.0,0.0,0.0,0.0,0.0,0.0,0.0,0.0
Control,11,False,False,1,3,0.0,2.0,6.0,0.5,0.0,1.0,3.0,3.5,0.0,0.0,0.0,0.0,0.0,0.0,0.0,0.0,0.0,0.0,0.0
Control,11,False,False,1,6,0.0,3.5,3.5,0.5,0.0,4.0,0.0,7.5,0.0,0.0,0.0,0.0,0.0,0.0,0.0,0.0,0.0,0.0,0.0
Control,11,False,False,2,0,0.0,1.5,2.5,0.5,0.0,8.0,0.5,8.5,0.0,0.0,0.0,0.0,0.5,0.0,0.0,0.0,0.0,0.0,0.0
Control,11,False,False,2,3,0.0,1.0,7.0,0.5,0.0,3.0,0.5,3.5,0.0,0.0,0.0,0.0,0.0,0.0,0.0,0.0,0.0,0.0,0.0
Control,11,False,False,2,6,0.0,0.5,7.0,0.5,0.0,3.5,0.0,1.0,0.0,0.0,0.0,0.0,0.0,0.0,0.0,0.0,0.0,0.0,0.0
Control,11,False,False,3,0,0.0,1.0,6.0,3.0,0.0,3.5,3.0,6.0,0.0,0.0,0.0,0.0,0.0,0.0,0.0,0.0,0.5,0.0,0.0
Control,11,False,False,3,3,0.0,0.0,6.0,3.0,0.0,15.5,0.5,3.5,0.0,0.0,0.0,0.0,0.0,0.0,0.0,0.0,0.0,0.0,0.0
Control,11,False,False,3,6,0.0,0.5,6.5,0.5,0.0,3.5,0.5,4.0,0.0,0.0,0.0,0.0,0.0,0.0,0.0,0.0,0.0,0.0,0.0
Control,11,False,False,4,0,0.0,1.0,6.0,35.0,0.5,3.5,0.5,25.5,0.0,0.0,0.0,0.0,7.5,0.0,0.0,0.0,0.0,0.0,0.0
Control,11,False,False,4,3,0.0,1.5,7.0,7.5,0.0,3.5,0.5,3.5,0.0,0.0,0.0,0.0,3.0,0.0,0.0,0.0,0.0,0.0,0.0
Control,11,False,False,4,6,0.0,5.0,6.0,3.0,3.0,1.0,0.5,1.0,0.0,0.0,0.0,0.0,0.0,0.0,0.0,0.0,0.0,0.0,0.0
Control,11,False,False,5,0,0.0,1.5,5.0,7.5,0.0,55.0,0.5,25.5,0.0,0.0,0.0,0.0,0.0,0.0,0.0,0.0,0.0,0.0,0.0
Control,11,False,False,5,3,0.0,1.0,3.0,3.0,0.0,35.0,0.5,1.0,0.0,0.0,0.0,0.0,0.0,0.0,0.0,0.0,0.0,0.0,0.0
Control,11,False,False,5,6,0.0,0.5,2.0,0.5,0.5,1.0,0.0,1.5,0.0,0.0,0.0,0.0,0.0,0.0,0.0,0.0,0.5,0.0,0.0
Control,11,False,False,6,0,0.0,0.5,4.0,3.0,0.0,3.5,0.0,55.0,0.0,0.0,0.0,0.0,0.0,0.0,0.0,0.0,0.0,0.0,0.0
Control,11,False,False,6,3,0.0,1.5,6.5,0.5,0.5,3.0,0.5,15.0,0.0,0.0,0.0,0.0,0.0,0.0,0.0,0.0,0.0,0.0,0.0
Control,11,False,False,6,6,0.0,4.5,5.0,0.5,55.0,0.5,0.0,4.0,0.0,0.0,0.0,0.0,0.0,0.0,0.0,0.0,0.0,0.0,0.0
Control,11,False,False,7,0,0.0,0.0,2.5,3.0,0.0,75.0,0.5,8.0,0.0,0.0,0.0,0.0,0.0,0.0,0.0,0.0,0.0,0.0,0.0
Control,11,False,False,7,3,0.0,1.0,2.5,3.0,0.0,55.0,0.5,6.0,0.0,0.0,0.0,0.0,0.0,0.0,0.0,0.0,0.0,0.0,0.0
Control,11,False,False,7,6,0.5,0.0,3.5,3.0,0.5,0.0,0.5,4.0,0.0,0.0,0.0,0.0,0.0,0.0,0.0,0.0,0.5,0.0,0.0
Control,11,False,False,8,0,0.0,1.0,2.5,15.0,0.0,1.5,3.0,15.5,0.0,0.0,0.0,0.0,0.0,0.0,0.0,0.0,0.0,0.0,0.0
Control,11,False,False,8,3,0.0,1.5,2.0,0.5,0.0,7.5,3.0,3.5,0.0,0.0,0.0,0.0,0.0,0.0,0.0,0.0,0.0,0.0,0.0
Control,11,False,False,8,6,0.0,0.5,3.5,0.5,0.0,3.5,0.5,1.5,0.0,0.0,0.0,0.0,0.0,0.0,0.0,0.0,0.0,0.0,0.0
Control,11,False,False,9,0,0.0,16.5,5.0,3.0,3.0,3.5,0.0,15.0,0.0,0.0,0.0,0.5,1.0,0.0,0.0,0.0,0.0,0.0,0.0
Control,11,False,False,9,3,0.0,26.0,2.5,0.5,3.0,15.5,0.0,3.5,0.0,0.0,0.0,0.0,0.5,0.0,0.0,0.0,0.0,0.0,0.0
Control,11,False,False,9,6,0.0,26.0,3.0,0.5,3.5,1.0,0.0,3.5,0.0,0.0,0.0,0.0,0.5,0.0,0.0,0.0,0.0,0.0,0.0
Control,11,False,False,10,0,0.0,0.5,5.5,7.5,0.0,0.5,0.5,8.0,0.0,0.0,0.0,0.5,25.0,0.0,0.0,0.0,0.5,0.0,0.0
Control,11,False,False,10,3,0.0,1.0,3.5,3.0,0.0,3.0,0.5,3.5,0.0,0.0,0.0,0.0,7.5,0.0,0.0,0.0,0.0,0.0,0.0
Control,11,False,False,10,6,0.0,1.0,2.5,3.0,3.0,0.5,0.0,1.0,0.0,0.0,0.0,0.5,0.0,0.0,0.0,0.0,0.0,0.0,0.0
Control,11,False,False,11,0,0.0,1.5,9.0,65.0,3.0,3.0,0.5,28.0,0.0,0.0,0.0,0.5,0.0,0.0,0.0,0.0,0.0,0.0,0.0
Control,11,False,False,11,3,0.0,1.0,8.5,3.0,3.0,3.0,0.5,1.0,0.0,0.0,0.0,0.0,0.5,0.0,0.0,0.0,0.0,0.0,0.0
Control,11,False,False,11,6,0.0,2.0,3.5,3.0,0.5,1.5,0.0,2.5,0.0,0.0,0.0,0.5,0.0,0.0,0.0,0.0,0.0,0.0,0.0
Control,11,False,False,12,0,0.0,1.0,5.5,25.0,3.0,25.5,0.5,35.5,0.0,0.0,0.0,0.0,1.0,0.0,0.0,0.0,0.0,0.0,0.0
Control,11,False,False,12,3,0.0,0.5,4.5,0.0,0.0,0.0,0.5,1.0,0.0,0.0,0.0,0.0,0.0,0.0,0.0,0.0,0.0,0.0,0.0
Control,11,False,False,12,6,0.0,1.5,2.5,7.5,1.0,0.5,0.0,3.5,0.0,0.0,0.0,0.0,0.0,0.0,0.0,0.0,0.0,0.0,0.0
Control,11,False,False,13,0,0.0,25.0,2.0,7.5,0.0,15.5,0.5,26.5,0.0,0.0,0.0,0.0,0.0,0.0,0.0,0.0,0.0,0.0,0.0
Control,11,False,False,13,3,0.0,25.5,6.5,0.5,0.0,3.0,0.5,1.0,0.0,0.0,0.0,0.0,0.0,0.0,0.0,0.0,0.0,0.0,0.0
Control,11,False,False,13,6,0.0,37.0,4.5,0.5,0.0,1.5,0.0,2.0,0.0,0.0,0.0,0.0,0.0,0.0,0.0,0.0,0.0,0.0,0.0
Control,11,False,False,14,0,0.0,16.5,4.5,0.0,0.0,4.0,0.5,0.5,0.0,0.0,0.0,0.0,0.0,0.0,0.0,0.0,0.0,0.0,0.0
Control,11,False,False,14,3,0.0,15.5,6.0,0.5,0.5,3.0,3.0,3.5,0.0,0.0,0.0,0.0,0.0,0.0,0.0,0.0,0.0,0.0,0.0
Control,11,False,False,14,6,0.0,25.5,2.5,0.5,0.5,1.0,0.0,3.5,0.0,0.0,0.0,0.0,0.0,0.0,0.0,0.0,0.0,0.0,0.0
Control,11,False,False,15,0,0.0,1.0,6.0,7.5,0.0,3.5,0.5,25.5,0.0,0.0,0.0,0.0,0.0,0.0,0.0,0.0,0.5,0.0,0.0
Control,11,False,False,15,3,0.0,0.0,3.5,0.5,0.0,3.0,0.5,3.5,0.0,0.0,0.0,0.0,0.0,0.0,0.0,0.0,0.0,0.0,0.0
Control,11,False,False,15,6,0.0,35.5,5.0,3.5,0.0,1.5,0.0,4.5,0.0,0.0,0.0,0.0,0.0,0.0,0.0,0.0,0.0,0.0,0.0
Control,11,False,False,16,0,0.0,35.5,2.5,0.5,0.5,1.5,0.0,0.0,0.0,0.0,0.0,0.0,0.5,0.0,0.0,0.0,0.0,0.0,0.0
Control,11,False,False,16,3,0.0,38.5,6.5,0.5,0.5,1.0,3.0,4.0,0.0,0.0,0.0,0.0,0.0,0.0,0.0,0.0,0.0,0.0,0.0
Control,11,False,False,16,6,0.0,63.0,8.5,0.5,3.0,1.5,0.5,0.5,0.0,0.0,0.0,0.0,0.0,0.0,0.0,0.0,0.0,0.0,0.0
Control,11,False,False,17,0,0.0,1.5,4.5,3.0,0.0,36.0,0.0,8.0,0.0,0.0,0.0,0.0,45.0,0.0,0.0,0.0,0.5,0.0,0.0
Control,11,False,False,17,3,0.0,3.0,4.5,0.5,0.5,35.0,0.0,1.5,0.0,0.0,0.0,0.0,3.0,0.0,0.0,0.0,0.0,0.0,0.0
Control,11,False,False,17,6,0.0,0.5,5.0,3.0,0.5,0.5,0.0,4.5,0.0,0.0,0.0,0.0,3.0,0.0,0.0,0.0,0.0,0.0,0.0
Control,11,False,False,18,0,0.0,0.5,4.0,15.0,0.0,86.5,0.0,8.5,0.0,0.0,0.0,0.0,0.5,0.0,0.0,0.0,0.0,0.0,0.0
Control,11,False,False,18,3,0.0,1.0,10.5,7.5,0.0,35.5,3.0,4.5,0.0,0.0,0.0,0.0,0.0,0.0,0.0,0.0,0.0,0.0,0.0
Control,11,False,False,18,6,0.5,1.0,9.0,3.0,0.0,1.5,0.0,1.5,0.0,0.0,0.0,0.5,0.0,0.0,0.0,0.0,0.0,0.0,0.0
Control,11,False,False,19,0,0.0,0.5,4.5,3.0,3.0,4.0,0.0,3.5,0.0,0.0,0.0,0.0,0.5,0.0,0.0,0.0,0.5,0.0,0.0
Control,11,False,False,19,3,0.0,1.0,9.0,3.0,0.0,0.5,0.0,1.0,0.0,0.0,0.0,0.0,0.5,0.0,0.0,0.0,0.0,0.0,0.0
Control,11,False,False,19,6,0.0,0.5,3.5,0.0,0.0,1.0,0.0,0.5,0.0,0.0,0.0,0.0,0.0,0.0,0.0,0.0,0.0,0.0,0.0
Control,11,False,False,20,0,0.0,0.0,5.0,3.0,0.0,4.0,0.5,8.0,0.0,0.0,0.0,0.0,0.5,0.0,0.0,0.0,0.0,0.0,0.0
Control,11,False,False,20,3,0.0,0.5,8.0,3.0,0.0,7.5,3.0,7.5,0.0,0.0,0.0,0.0,0.0,0.0,0.0,0.0,0.0,0.0,0.0
Control,11,False,False,20,6,0.0,1.0,2.0,3.0,0.0,8.5,0.0,4.0,0.0,0.0,0.0,0.0,0.0,0.0,0.0,0.0,0.0,0.0,0.0
Control,11,False,False,21,0,0.0,0.5,5.5,3.0,0.0,1.0,0.0,35.5,0.0,0.0,0.0,0.0,0.0,0.0,0.0,0.0,0.0,0.0,0.0
Control,11,False,False,21,3,0.0,1.0,10.5,0.5,0.0,3.5,0.5,25.0,0.0,0.0,0.0,0.0,0.0,0.0,0.0,0.0,0.0,0.0,0.0
Control,11,False,False,21,6,0.0,0.0,6.0,0.5,0.0,0.0,0.0,8.0,0.0,0.0,0.0,0.0,0.0,0.0,0.0,0.0,0.0,0.0,0.0
Control,11,False,False,22,0,0.0,2.0,5.0,15.0,0.0,1.0,0.5,15.0,0.0,0.0,0.0,0.0,0.5,0.0,0.0,0.0,0.0,0.0,0.0
Control,11,False,False,22,3,0.5,3.5,14.5,3.0,0.0,6.0,0.0,8.0,0.0,0.0,0.0,0.0,0.0,0.0,0.0,0.0,0.0,0.0,0.0
Control,11,False,False,22,6,0.0,0.5,20.0,0.5,0.0,1.0,0.0,4.0,0.0,0.0,0.0,0.0,0.0,0.0,0.0,0.0,0.0,0.0,0.0
Control,11,False,False,23,0,0.0,16.0,6.5,3.0,0.0,0.5,0.5,8.0,0.0,0.0,0.0,0.0,0.0,0.0,0.0,0.0,0.0,0.0,0.0
Control,11,False,False,23,3,0.0,16.0,29.0,3.0,0.0,1.0,3.0,8.0,0.0,0.0,0.0,0.0,0.0,0.0,0.0,0.0,0.0,0.0,0.0
Control,11,False,False,23,6,0.0,16.0,17.5,0.5,0.0,0.5,0.0,0.5,0.0,0.0,0.0,0.0,0.0,0.0,0.0,0.0,0.0,0.0,0.0
Control,11,False,False,24,0,0.5,0.5,4.0,25.0,3.0,3.5,0.0,7.5,0.0,0.0,0.0,0.0,0.5,0.0,0.0,0.0,0.0,0.0,0.0
Control,11,False,False,24,3,0.5,49.5,20.0,0.5,3.0,8.0,3.0,3.5,0.0,0.0,0.0,0.0,0.0,0.0,0.0,0.0,0.0,0.0,0.0
Control,11,False,False,24,6,0.0,0.5,4.0,7.5,6.0,1.0,0.0,7.5,0.0,0.0,0.0,0.0,0.0,0.0,0.0,0.0,0.0,0.0,0.0
Control,11,False,False,25,0,0.0,46.5,5.0,15.0,3.0,9.0,0.5,0.5,0.0,0.0,0.0,0.0,0.0,0.0,0.0,0.0,0.0,0.0,0.0
Control,11,False,False,25,3,0.5,49.0,10.5,7.5,3.0,1.0,0.0,0.5,0.0,0.0,0.0,0.0,0.0,0.5,0.0,0.0,0.0,0.0,0.0
Control,11,False,False,25,6,0.0,35.5,4.0,0.0,1.0,1.0,0.0,8.0,0.0,0.0,0.0,0.0,0.0,0.0,0.0,0.0,0.0,0.0,0.0
Control,11,False,False,26,0,0.0,1.5,3.0,0.5,3.0,25.5,0.5,3.5,0.0,0.0,0.0,0.0,15.0,0.0,0.0,0.0,0.0,0.0,0.0
Control,11,False,False,26,3,0.0,6.5,16.5,0.5,3.0,4.0,0.5,3.0,0.0,0.0,0.0,0.0,3.0,0.0,0.0,0.0,0.0,0.0,0.0
Control,11,False,False,26,6,0.0,3.0,10.5,0.5,0.5,1.5,0.0,0.5,0.0,0.0,0.0,0.0,0.0,0.0,0.0,0.0,0.0,0.0,0.0
Control,11,False,False,27,0,0.0,1.5,5.0,25.0,0.0,1.5,0.5,15.0,0.0,0.0,0.0,0.0,0.0,0.0,0.0,0.0,0.0,0.0,0.0
Control,11,False,False,27,3,3.0,6.5,9.0,3.0,0.0,3.0,3.0,3.0,0.0,0.0,0.0,0.0,0.0,0.0,0.0,0.0,0.0,0.0,0.0
Control,11,False,False,27,6,0.0,4.0,2.0,0.5,0.5,0.0,0.0,8.0,0.0,0.0,0.0,0.0,0.0,0.0,0.0,0.0,0.0,0.0,0.0
Control,11,False,False,28,0,0.0,46.5,3.5,0.5,0.0,8.0,0.0,0.5,0.0,0.0,0.0,0.5,0.5,0.0,0.0,0.0,0.0,0.0,0.0
Control,11,False,False,28,3,0.0,46.0,10.5,0.5,7.5,3.0,3.0,0.5,0.0,0.0,0.0,0.0,3.0,0.0,0.0,0.0,0.0,0.0,0.0
Control,11,False,False,28,6,0.0,46.0,8.5,3.5,0.5,4.0,0.5,0.0,0.0,0.0,0.0,0.0,0.0,0.0,0.0,0.0,0.0,0.0,0.0
Control,11,False,False,29,0,0.0,0.5,3.5,3.0,0.0,4.5,0.5,8.0,0.0,0.0,3.0,0.0,7.5,0.0,0.0,0.0,0.0,0.0,0.0
Control,11,False,False,29,3,0.0,0.5,11.0,0.5,0.0,7.5,3.0,10.5,0.0,0.0,15.0,0.0,15.0,0.0,0.0,0.0,0.0,0.0,0.0
Control,11,False,False,29,6,0.0,0.5,5.0,3.0,25.0,1.5,0.0,16.0,0.0,0.0,25.0,0.0,0.0,0.0,0.0,0.0,0.5,0.0,0.0
Control,11,False,False,30,0,0.0,0.5,1.5,15.0,0.0,46.0,0.0,1.0,0.0,0.0,0.0,0.0,0.5,0.0,0.0,0.0,0.0,0.0,0.0
Control,11,False,False,30,3,0.5,1.0,11.5,3.0,0.0,3.5,0.5,0.5,0.0,0.0,0.0,0.0,0.0,0.0,0.0,0.0,0.0,0.0,0.0
Control,11,False,False,30,6,0.5,0.5,5.0,0.5,0.0,1.0,0.5,1.0,0.0,0.0,0.0,0.0,0.0,0.0,0.0,0.0,0.0,0.0,0.0
Control,11,False,False,31,0,0.0,1.5,5.5,3.0,0.0,3.5,0.5,3.5,0.0,0.0,0.0,0.0,0.5,0.0,0.0,0.0,0.0,0.0,0.0
Control,11,False,False,31,3,0.0,4.0,8.5,3.0,0.0,3.5,3.0,3.5,0.0,0.0,0.0,0.0,0.5,0.0,0.0,0.0,0.0,0.0,0.0
Control,11,False,False,31,6,0.0,3.5,6.0,0.5,0.5,0.5,0.0,1.0,0.0,0.0,0.0,0.0,0.0,0.0,0.0,0.0,0.0,0.0,0.0
Control,11,False,False,32,0,0.0,1.0,6.0,15.0,0.5,1.5,0.0,15.5,0.0,0.0,0.0,0.0,0.5,0.0,0.0,0.0,0.0,0.0,0.0
Control,11,False,False,32,3,0.5,3.5,22.0,0.0,0.5,3.0,0.0,6.5,0.0,0.0,0.0,0.0,0.0,0.0,0.0,0.0,0.0,0.0,0.0
Control,11,False,False,32,6,0.0,1.5,18.0,3.0,0.0,0.5,0.0,0.5,0.0,0.0,0.0,0.0,0.0,0.0,0.0,0.0,0.0,0.0,0.0
Gap,1,False,False,1,0,0.0,26.0,1.5,0.5,0.0,3.5,3.0,3.0,0.0,0.0,0.0,0.0,0.0,0.0,0.5,0.0,0.0,0.0,0.0
Gap,1,False,False,1,3,0.0,39.0,3.5,0.0,0.0,1.0,0.5,3.5,0.0,0.0,0.0,0.0,3.0,0.0,0.0,0.0,0.0,0.0,0.0
Gap,1,False,False,1,6,0.0,26.5,8.0,0.5,0.5,6.0,0.5,3.5,0.0,0.0,0.0,0.0,0.0,0.0,0.5,0.0,0.0,0.0,0.0
Gap,1,False,False,6,0,0.0,46.5,3.5,3.0,0.0,1.0,0.0,15.5,0.0,0.0,0.0,0.0,0.0,0.0,0.5,0.0,0.0,0.0,0.0
Gap,1,False,False,6,3,0.0,35.5,2.5,3.0,0.5,0.5,0.0,1.0,0.0,0.0,0.0,0.0,0.0,0.0,3.0,0.0,0.0,0.0,0.0
Gap,1,False,False,6,6,0.0,48.5,2.5,3.0,0.0,6.0,0.0,0.0,0.0,0.0,0.0,0.0,0.0,0.0,15.0,0.0,0.0,0.0,0.0
Gap,1,False,False,7,0,0.0,25.5,2.0,3.0,0.0,1.0,0.5,0.5,0.0,0.0,0.0,0.0,0.0,0.0,0.0,0.0,0.0,0.0,0.0
Gap,1,False,False,7,3,0.0,16.0,1.0,3.0,0.0,3.0,0.5,8.0,0.0,0.0,0.0,0.0,0.0,0.0,0.0,0.0,0.0,0.0,0.0
Gap,1,False,False,7,6,0.0,25.5,5.5,3.0,0.5,6.5,0.0,3.5,0.0,0.0,0.0,0.0,0.0,0.0,0.0,0.0,0.0,0.0,0.0
Gap,1,False,False,8,0,0.0,27.0,2.5,15.0,0.0,0.5,0.0,15.0,0.0,0.0,0.0,0.0,0.0,0.0,0.0,0.0,0.0,0.0,0.0
Gap,1,False,False,8,3,0.0,31.5,12.5,7.5,0.0,0.0,0.5,6.0,0.0,0.0,0.0,0.0,0.0,0.0,0.0,0.0,0.0,0.0,0.0
Gap,1,False,False,8,6,0.0,27.0,4.0,3.0,0.5,1.0,3.0,0.0,0.0,0.0,0.0,0.0,0.5,0.0,0.0,0.0,0.0,0.0,0.0
Gap,1,False,False,10,0,0.5,56.5,5.5,0.5,15.0,8.0,0.0,3.0,0.0,0.0,0.0,0.0,0.0,0.0,0.0,0.0,0.0,0.0,0.0
Gap,1,False,False,10,3,0.0,49.5,5.0,0.5,3.0,3.5,3.0,1.0,0.0,0.0,0.0,0.0,0.0,0.0,0.0,0.0,0.0,0.0,0.0
Gap,1,False,False,10,6,0.5,59.5,9.0,0.5,0.0,7.0,3.0,3.5,0.0,0.0,0.0,0.0,0.0,0.0,0.0,0.0,0.0,0.0,0.0
Gap,1,False,False,11,0,0.0,26.0,1.5,0.5,15.0,0.5,0.5,0.5,0.0,0.0,0.0,0.0,0.0,0.0,0.0,0.0,0.0,0.0,0.0
Gap,1,False,False,11,3,0.0,16.5,11.5,0.5,3.0,3.0,0.5,0.5,0.0,0.0,0.0,0.0,0.0,0.0,0.0,0.0,0.0,0.0,0.0
Gap,1,False,False,11,6,0.0,37.5,4.0,0.5,0.0,3.5,3.0,0.5,0.0,0.0,0.0,0.0,0.0,0.0,0.0,0.0,0.0,0.0,0.0
Gap,1,False,False,12,0,0.0,55.5,4.5,0.5,3.0,3.0,0.5,0.0,0.0,0.0,0.0,0.0,0.0,0.0,0.0,0.0,0.0,0.0,0.0
Gap,1,False,False,12,3,0.0,56.0,1.0,0.0,3.0,3.0,0.0,0.0,0.0,0.0,0.0,0.0,0.5,0.0,3.0,0.0,0.0,0.0,0.0
Gap,1,False,False,12,6,0.0,35.5,6.0,1.0,1.0,0.5,0.5,6.5,0.0,0.0,0.0,0.0,0.0,0.0,0.5,0.0,0.0,0.0,0.0
Gap,1,False,False,14,0,0.0,35.5,1.0,3.0,1.0,7.5,0.5,0.5,0.0,0.0,0.0,0.0,0.5,0.0,0.0,0.0,0.0,0.0,0.0
Gap,1,False,False,14,3,0.0,45.5,0.0,3.0,3.5,0.5,0.0,3.0,0.0,0.0,0.0,0.0,0.0,0.0,0.5,0.0,0.0,0.0,0.0
Gap,1,False,False,14,6,0.0,0.0,35.5,0.5,0.5,1.5,0.0,3.5,0.0,0.0,0.0,0.0,0.0,0.0,0.0,0.0,0.0,0.0,0.0
Gap,1,False,False,15,0,0.5,46.5,5.5,3.0,3.5,3.5,0.5,3.0,0.0,0.0,0.0,0.5,0.0,0.0,0.0,0.0,0.0,0.0,0.0
Gap,1,False,False,15,3,0.0,49.0,10.5,3.0,0.5,0.5,3.0,6.5,0.0,0.0,0.0,0.0,0.0,0.0,0.0,0.0,0.0,0.0,0.0
Gap,1,False,False,15,6,0.5,57.5,3.5,0.5,0.5,3.0,3.0,1.5,0.0,0.5,0.0,0.0,0.0,0.0,0.0,0.0,0.0,0.0,0.0
Gap,1,False,False,16,0,0.0,25.5,2.0,0.5,3.0,3.0,0.5,0.5,0.0,0.0,0.0,0.0,0.0,0.0,0.0,0.0,0.0,0.0,0.0
Gap,1,False,False,16,3,0.0,26.0,8.5,0.5,0.5,6.0,3.0,1.0,0.0,0.0,0.0,0.0,0.0,0.0,0.0,0.0,0.0,0.0,0.0
Gap,1,False,False,16,6,0.0,26.5,3.0,0.5,1.0,6.0,0.5,0.5,0.0,0.0,0.0,0.0,0.0,0.0,0.0,0.0,0.0,0.0,0.0
Gap,1,False,True,2,0,0.0,16.0,6.0,0.0,0.0,3.5,0.5,0.5,0.0,0.0,0.0,0.0,7.5,0.0,0.0,0.0,0.0,0.0,0.0
Gap,1,False,True,2,3,0.0,28.5,6.5,3.0,0.0,15.0,3.0,3.5,0.0,0.0,0.0,0.0,3.0,0.0,3.0,0.0,0.0,0.0,0.0
Gap,1,False,True,2,6,0.5,38.5,2.5,0.5,3.5,6.5,3.0,1.0,0.0,0.0,0.0,0.0,0.0,0.0,3.0,0.0,0.0,0.0,0.0
Gap,1,False,True,3,0,0.5,26.5,6.0,3.0,3.0,8.0,0.5,0.5,0.0,0.0,0.0,0.0,0.0,0.0,7.5,0.0,0.0,0.0,0.0
Gap,1,False,True,3,3,0.0,36.0,11.0,0.0,7.5,3.0,3.0,3.5,0.0,0.0,0.0,0.0,3.0,0.0,3.0,0.0,0.0,0.0,0.0
Gap,1,False,True,3,6,0.5,47.0,3.0,0.0,1.0,4.0,0.5,7.0,0.0,0.0,0.0,0.0,0.0,0.0,3.0,0.0,0.0,0.0,0.0
Gap,1,False,True,4,0,0.0,47.0,1.5,0.5,0.0,0.5,0.0,3.0,0.0,0.0,0.0,0.0,0.0,0.0,0.0,0.0,0.0,0.0,0.0
Gap,1,False,True,4,3,0.0,52.5,6.0,0.5,3.0,3.5,3.0,1.5,0.0,0.0,0.0,0.0,0.0,0.0,0.0,0.0,0.0,0.0,0.0
Gap,1,False,True,4,6,0.0,68.0,5.5,0.5,0.0,4.0,3.0,0.5,0.0,0.0,0.0,0.0,0.0,0.0,0.0,0.0,0.0,0.0,0.0
Gap,1,False,True,5,0,0.0,4.0,6.0,0.5,0.0,0.5,3.0,25.5,0.0,0.0,0.0,0.0,0.5,0.0,0.0,0.0,0.0,0.0,0.0
Gap,1,False,True,5,3,0.0,8.0,12.5,3.0,0.0,3.0,7.5,11.0,0.0,0.0,0.0,0.0,0.0,0.0,0.0,0.0,0.0,0.0,0.0
Gap,1,False,True,5,6,0.0,18.0,2.5,0.5,3.0,9.0,3.0,4.0,0.0,0.0,0.0,0.0,0.0,0.0,0.0,0.0,0.0,0.0,0.0
Gap,1,False,True,9,0,0.5,26.5,1.5,0.5,0.0,8.0,0.0,15.5,0.0,0.0,0.0,0.0,0.0,0.0,0.0,0.0,0.0,0.0,0.0
Gap,1,False,True,9,3,0.5,8.5,38.5,3.0,7.5,15.0,3.0,3.5,0.0,0.0,0.0,0.0,0.0,0.0,0.0,0.0,0.0,0.0,0.0
Gap,1,False,True,9,6,0.0,26.0,9.0,3.0,1.5,4.5,0.5,4.0,0.0,0.5,0.5,0.0,0.0,0.0,0.0,0.0,0.0,0.0,0.0
Gap,1,False,True,13,0,0.0,25.5,2.0,3.0,3.5,1.0,0.0,1.0,0.0,0.0,0.0,0.0,0.5,0.0,0.5,0.0,0.0,0.0,0.0
Gap,1,False,True,13,3,0.0,38.5,0.5,0.0,3.5,1.0,0.5,6.0,0.0,0.0,0.0,0.0,0.0,0.0,0.0,0.0,0.0,0.0,0.0
Gap,1,False,True,13,6,0.0,47.0,5.0,0.5,0.5,4.0,0.0,1.0,0.0,0.0,0.0,0.0,0.0,0.0,0.0,0.0,0.0,0.0,0.0
Gap,8,False,False,1,0,0.0,47.5,7.0,0.5,0.5,2.0,3.0,6.0,0.0,0.0,0.0,0.0,0.5,0.0,0.0,0.0,0.0,0.0,0.0
Gap,8,False,False,1,3,0.0,49.0,1.5,0.5,0.0,1.0,0.5,1.0,0.0,0.0,0.0,0.0,0.0,0.0,0.0,0.0,0.0,0.0,0.0
Gap,8,False,False,1,6,0.0,56.0,1.5,0.0,0.5,1.5,0.0,1.0,0.0,0.0,0.0,0.0,0.0,0.0,0.0,0.0,0.0,0.0,0.0
Gap,8,False,False,2,0,0.0,2.0,1.0,0.5,0.0,4.0,0.0,3.0,0.0,0.0,0.0,0.0,0.0,0.0,0.0,0.0,0.0,0.0,0.0
Gap,8,False,False,2,3,0.0,1.5,4.5,0.5,0.0,0.5,0.5,3.0,0.0,0.0,0.0,0.0,0.5,0.0,0.0,0.0,0.0,0.0,0.0
Gap,8,False,False,2,6,0.0,3.0,3.0,0.5,0.0,1.0,0.0,6.0,0.0,0.0,0.0,0.0,0.0,0.0,0.0,0.0,0.0,0.0,0.0
Gap,8,False,False,5,0,0.0,27.5,5.0,0.5,6.0,1.0,0.5,3.0,0.0,0.0,0.0,0.0,0.0,0.0,0.0,0.0,0.0,0.0,0.0
Gap,8,False,False,5,3,0.0,38.5,5.5,0.5,3.0,1.0,0.5,4.0,0.0,0.0,0.0,0.0,0.0,0.0,0.0,0.0,0.0,0.0,0.0
Gap,8,False,False,5,6,0.0,26.0,3.5,0.5,1.5,1.0,0.0,2.0,0.0,0.0,0.0,0.0,0.0,0.0,0.0,0.0,0.0,0.0,0.0
Gap,8,False,False,7,0,0.0,27.5,5.5,3.0,3.5,3.5,0.5,3.5,0.0,0.0,0.0,0.0,0.0,0.0,7.5,0.0,0.0,0.0,0.0
Gap,8,False,False,7,3,0.0,28.5,4.0,3.0,3.5,3.5,0.0,3.0,0.0,0.0,0.0,0.0,0.0,0.0,3.0,0.0,0.0,0.0,0.0
Gap,8,False,False,7,6,0.0,16.0,2.0,0.5,1.0,1.0,0.0,1.0,0.0,0.0,0.0,0.0,0.0,0.0,7.5,0.0,0.0,0.0,0.0
Gap,8,False,False,8,0,0.0,26.5,2.5,0.5,3.5,3.0,0.5,1.0,0.0,0.0,0.0,0.0,7.5,0.0,0.0,0.0,0.0,0.0,0.0
Gap,8,False,False,8,3,0.0,26.0,1.5,0.5,0.5,0.0,0.5,1.0,0.0,0.0,0.0,0.0,3.0,0.0,0.0,0.0,0.0,0.5,0.0
Gap,8,False,False,8,6,0.0,26.0,0.0,0.5,1.0,0.5,0.0,0.5,0.0,0.0,0.0,0.0,0.0,0.0,0.0,0.0,0.0,0.0,0.0
Gap,8,False,False,12,0,0.0,43.5,3.0,3.0,3.0,15.5,0.5,3.5,0.0,0.0,0.0,0.0,0.0,0.0,0.0,0.0,0.0,0.0,0.0
Gap,8,False,False,12,3,0.0,26.0,3.5,3.0,3.0,3.0,0.5,3.5,0.0,0.0,0.0,0.0,0.5,0.0,0.0,0.0,0.0,0.0,0.0
Gap,8,False,False,12,6,0.0,46.0,10.5,3.0,0.5,4.0,0.0,6.5,0.0,0.0,0.0,0.0,0.5,0.0,0.0,0.0,0.0,0.0,0.0
Gap,8,False,False,16,0,0.0,56.0,4.5,3.0,3.5,1.0,0.5,3.0,0.0,0.0,0.0,0.0,0.5,0.0,0.0,0.0,0.0,0.0,0.0
Gap,8,False,False,16,3,0.0,38.5,6.0,0.5,6.0,0.5,0.5,3.0,0.0,0.0,0.0,0.0,0.0,0.0,0.0,0.0,0.0,0.0,0.0
Gap,8,False,False,16,6,0.0,26.0,1.5,0.5,0.0,3.0,0.5,0.5,0.0,0.0,0.0,0.0,0.0,0.0,0.0,0.0,0.0,0.0,0.0
Gap,8,False,True,3,0,0.0,1.0,9.5,3.0,0.0,25.5,0.5,26.0,0.0,0.0,0.5,0.0,3.0,0.0,0.0,0.0,0.0,0.0,0.0
Gap,8,False,True,3,3,0.0,4.5,23.5,15.0,0.5,3.5,3.0,3.5,0.0,0.0,0.0,0.0,0.0,0.0,0.0,0.0,0.0,0.0,0.0
Gap,8,False,True,3,6,0.0,0.0,7.5,7.5,0.5,7.5,0.0,1.0,0.0,0.0,0.0,0.0,0.0,0.0,0.0,0.0,0.0,0.0,0.0
Gap,8,False,True,4,0,0.0,9.0,2.0,3.0,0.0,4.0,0.5,3.5,0.0,0.5,0.5,0.0,3.0,0.0,0.0,0.0,0.0,0.0,0.0
Gap,8,False,True,4,3,0.0,7.5,4.0,3.0,0.0,3.0,0.0,3.0,0.0,0.5,0.0,0.0,3.0,0.0,0.0,0.0,0.0,0.0,0.0
Gap,8,False,True,4,6,0.0,25.0,2.5,0.5,3.0,1.0,0.0,3.5,0.0,3.0,0.0,0.0,0.0,0.0,0.0,0.0,0.0,0.0,0.0
Gap,8,False,True,6,0,0.0,46.5,3.0,0.5,0.5,0.0,0.5,3.5,0.0,0.0,0.0,0.0,0.0,0.0,0.0,0.0,0.0,0.0,0.0
Gap,8,False,True,6,3,0.0,41.5,6.5,0.0,1.0,0.5,3.0,3.5,0.0,0.0,0.0,0.0,0.0,0.0,0.0,0.0,0.0,0.0,0.0
Gap,8,False,True,6,6,0.0,46.5,2.0,1.0,45.5,3.5,0.5,0.0,0.0,0.0,0.0,0.0,0.0,0.0,0.0,0.0,0.0,0.0,0.0
Gap,8,False,True,9,0,0.0,27.0,7.5,3.0,0.0,4.0,0.0,25.5,0.0,0.0,0.0,0.0,0.0,0.0,0.0,0.0,0.0,0.0,0.0
Gap,8,False,True,9,3,0.0,21.5,11.5,3.0,0.0,4.0,0.5,25.5,0.0,0.0,0.0,0.0,0.0,0.0,0.0,0.0,0.0,0.0,0.0
Gap,8,False,True,9,6,0.0,25.0,0.0,0.0,0.5,0.5,0.0,3.0,0.0,0.0,0.0,0.0,0.0,0.0,0.0,0.0,0.0,0.0,0.0
Gap,8,False,True,10,0,0.0,9.5,3.0,25.0,0.0,46.0,0.0,8.0,0.0,0.0,0.0,0.0,3.0,0.0,0.0,0.0,0.0,0.0,0.0
Gap,8,False,True,10,3,0.0,13.5,7.5,15.0,0.0,3.0,0.0,7.5,0.0,0.0,0.0,0.0,7.5,0.0,0.0,0.0,0.0,0.0,0.0
Gap,8,False,True,10,6,0.0,16.0,1.5,3.0,0.0,0.5,0.0,3.0,0.0,0.0,0.0,0.0,0.0,0.0,0.0,0.0,0.0,0.0,0.0
Gap,8,False,True,11,0,0.0,37.0,6.0,25.0,0.0,1.0,0.0,25.5,0.0,0.0,0.0,0.0,0.0,0.0,0.0,0.0,0.0,0.0,0.0
Gap,8,False,True,11,3,0.0,45.5,10.5,35.0,0.0,1.0,0.0,3.0,0.0,0.0,0.0,0.0,0.5,0.0,0.0,0.0,0.0,0.0,0.0
Gap,8,False,True,11,6,0.0,55.5,5.0,3.0,0.5,0.0,0.0,0.0,0.0,0.0,0.0,0.0,0.5,0.0,0.0,0.0,0.0,0.0,0.0
Gap,8,False,True,13,0,0.0,16.5,1.0,3.0,0.0,0.0,0.5,0.5,0.0,0.0,0.0,0.0,0.0,0.0,0.0,0.0,0.0,0.0,0.0
Gap,8,False,True,13,3,0.0,72.5,10.5,3.0,3.0,0.5,3.0,3.0,0.0,0.0,0.0,0.0,0.0,0.0,0.0,0.0,0.0,0.0,0.0
Gap,8,False,True,13,6,0.0,86.0,2.0,3.0,0.0,1.0,0.5,1.0,0.0,0.0,0.0,0.0,0.0,0.0,0.0,0.0,0.0,0.0,0.0
Gap,8,False,True,14,0,0.5,56.5,6.5,15.0,0.5,4.5,3.0,7.5,0.0,0.0,0.0,0.0,15.0,0.0,0.0,0.0,0.0,0.0,0.0
Gap,8,False,True,14,3,0.0,36.5,6.5,3.0,0.5,0.5,0.0,0.5,0.0,0.0,0.0,0.0,0.0,0.0,0.0,0.0,0.0,0.0,0.0
Gap,8,False,True,14,6,0.0,62.5,17.5,7.5,0.0,6.5,0.0,0.5,0.0,0.0,0.0,0.0,0.5,0.0,0.0,0.0,0.0,0.0,0.0
Gap,8,False,True,15,0,0.0,37.0,5.0,3.0,7.5,3.5,0.5,0.5,0.0,0.0,0.0,0.0,0.0,0.0,0.0,0.0,0.0,0.0,0.0
Gap,8,False,True,15,3,0.0,19.5,11.0,3.0,7.5,3.5,0.5,1.5,0.0,0.0,0.0,0.0,0.0,0.0,0.0,0.0,0.0,0.0,0.0
Gap,8,False,True,15,6,0.0,36.0,3.5,0.0,0.5,1.5,0.5,1.0,0.0,0.0,0.0,0.0,0.0,0.0,0.0,0.5,0.0,0.0,0.0
Gap,10,False,False,1,0,0.0,0.0,2.5,7.5,0.0,4.0,0.0,25.0,0.0,0.0,0.0,0.0,3.0,0.0,0.0,0.0,0.0,0.0,0.0
Gap,10,False,False,1,3,0.0,1.0,11.5,3.0,0.0,6.0,0.0,7.5,0.0,0.5,0.0,0.0,0.5,0.0,0.0,0.0,0.0,0.0,0.0
Gap,10,False,False,1,6,0.0,0.5,6.0,7.5,0.5,0.5,0.0,3.5,0.0,0.5,0.0,0.0,0.0,0.0,0.0,0.0,0.0,0.0,0.0
Gap,10,False,False,5,0,0.0,1.0,1.5,0.5,0.0,1.5,0.5,3.0,0.0,0.0,0.0,0.0,0.0,0.0,0.0,0.0,0.0,0.0,0.0
Gap,10,False,False,5,3,0.0,1.5,5.5,0.5,0.0,3.5,0.5,15.0,0.0,0.0,0.0,0.0,0.0,0.0,0.0,0.0,0.0,0.0,0.0
Gap,10,False,False,5,6,0.0,3.5,4.5,0.5,0.0,0.5,0.0,0.5,0.0,0.0,0.0,0.0,0.0,0.0,0.0,0.0,0.0,0.0,0.0
Gap,10,False,False,13,0,0.0,0.0,2.5,0.0,0.0,3.5,0.0,3.0,0.0,0.0,0.0,0.0,0.0,0.0,0.0,0.0,0.0,0.0,0.0
Gap,10,False,False,13,3,0.0,0.5,4.5,0.0,0.0,3.5,0.5,3.0,0.0,0.0,0.0,0.0,0.0,0.0,0.0,0.0,0.0,0.0,0.0
Gap,10,False,False,13,6,0.0,3.0,8.5,0.0,0.5,0.5,0.0,3.0,0.0,0.0,0.0,0.0,0.0,0.0,0.0,0.0,0.0,0.0,0.0
Gap,10,False,False,15,0,0.0,0.5,2.0,0.5,0.0,1.0,0.0,7.5,0.0,0.5,0.0,0.0,3.0,0.0,0.0,0.0,0.0,0.0,0.0
Gap,10,False,False,15,3,0.0,7.5,4.5,0.5,0.0,3.5,0.0,7.5,0.0,0.0,0.0,0.0,3.0,0.0,0.0,0.0,0.0,0.0,0.0
Gap,10,False,False,15,6,0.0,8.0,2.5,0.5,0.5,3.0,0.0,1.0,0.0,0.5,0.0,0.0,0.0,0.0,0.0,0.0,0.0,0.0,0.0
Gap,10,False,False,17,0,0.0,1.5,1.5,0.0,0.0,1.0,0.5,25.0,0.0,0.0,0.0,0.0,7.5,0.0,0.0,0.0,0.0,0.0,0.0
Gap,10,False,False,17,6,0.0,4.5,2.0,0.5,3.0,0.5,0.0,4.0,0.0,0.0,0.0,0.0,0.0,0.0,0.0,0.0,0.0,0.0,0.0
Gap,10,False,False,19,0,0.0,0.0,0.5,0.0,0.0,3.0,0.0,3.0,0.0,0.0,0.0,0.0,0.0,0.0,0.0,0.0,0.0,0.0,0.0
Gap,10,False,False,19,3,0.0,0.5,3.0,0.0,0.0,0.5,0.0,3.0,0.0,0.0,0.0,0.0,0.0,0.0,0.0,0.0,0.0,0.0,0.0
Gap,10,False,False,19,6,0.0,0.0,7.5,0.0,0.0,0.5,0.0,1.0,0.0,0.0,0.0,0.0,0.0,0.0,0.0,0.0,0.0,0.0,0.0
Gap,10,False,False,21,0,0.0,0.0,0.5,0.5,0.0,0.5,0.0,0.5,0.0,0.0,0.0,0.0,3.0,0.0,0.0,0.0,0.0,0.0,0.0
Gap,10,False,False,21,3,0.0,1.0,1.5,0.5,0.0,1.0,0.0,0.5,0.0,0.0,0.0,0.0,0.5,0.0,0.0,0.0,0.0,0.0,0.0
Gap,10,False,False,21,6,0.0,0.0,3.5,0.0,0.5,0.0,0.0,0.0,0.0,0.0,0.0,0.0,0.0,0.0,0.0,0.0,0.0,0.0,0.0
Gap,10,False,False,23,0,0.0,0.5,0.0,0.5,0.0,1.0,0.0,0.5,0.0,0.0,0.0,0.0,0.0,0.0,0.0,0.0,0.0,0.0,0.0
Gap,10,False,False,23,3,0.0,0.0,0.5,0.5,0.0,0.5,0.0,3.0,0.0,0.0,0.0,0.0,0.0,0.0,0.0,0.0,0.0,0.0,0.0
Gap,10,False,False,23,6,0.0,0.0,1.0,0.0,0.0,0.5,0.0,0.5,0.0,0.0,0.0,0.0,0.0,0.0,0.0,0.0,0.0,0.0,0.0
Gap,10,False,False,27,0,0.0,15.5,0.5,0.5,0.0,3.0,0.0,3.0,0.0,0.0,0.0,0.0,0.0,0.0,0.0,0.0,0.0,0.0,0.0
Gap,10,False,False,27,3,0.0,7.5,1.5,3.0,0.0,3.5,0.0,3.0,0.0,0.0,0.0,0.0,0.0,0.0,0.0,0.0,0.0,0.0,0.0
Gap,10,False,False,27,6,0.0,35.0,0.0,0.5,0.0,0.5,0.0,0.5,0.0,0.0,0.0,0.0,0.0,0.0,0.0,0.0,0.0,0.0,0.0
Gap,10,False,False,29,0,0.0,0.5,1.0,7.5,0.0,3.5,0.0,3.0,0.0,0.0,0.0,0.0,0.0,0.0,0.0,0.0,0.0,0.0,0.0
Gap,10,False,False,29,3,0.0,3.0,1.5,3.0,0.0,3.5,0.0,0.5,0.0,0.0,0.0,0.0,0.0,0.0,0.0,0.0,0.0,0.0,0.0
Gap,10,False,False,29,6,0.0,1.0,0.0,3.0,0.0,0.5,0.0,0.5,0.0,0.0,0.0,0.0,0.0,0.0,0.0,0.0,0.0,0.0,0.0
Gap,10,False,True,3,0,0.0,25.0,1.5,0.5,0.0,0.0,0.0,3.0,0.0,0.5,0.0,0.0,35.0,0.0,0.0,0.0,0.0,0.0,0.0
Gap,10,False,True,3,3,0.0,17.5,8.0,0.0,0.0,7.5,0.0,1.0,0.0,3.0,0.0,0.0,15.0,0.0,0.0,0.0,0.0,0.0,0.0
Gap,10,False,True,3,6,0.0,36.0,5.0,0.5,3.0,0.5,0.0,0.0,0.0,0.5,0.0,0.0,0.0,0.0,0.0,0.0,0.0,0.0,0.0
Gap,10,False,True,7,0,0.0,0.5,4.5,3.0,0.0,0.5,0.0,3.0,0.0,0.0,0.0,0.0,0.5,0.0,0.0,0.0,0.0,0.5,0.0
Gap,10,False,True,7,3,0.0,3.5,17.5,25.0,0.0,2.0,0.5,1.5,0.0,0.0,0.0,0.5,0.5,0.0,0.0,0.0,0.0,0.5,0.0
Gap,10,False,True,7,6,0.0,0.5,4.5,15.5,0.5,3.0,0.0,0.0,0.0,0.0,0.0,0.0,0.0,0.0,0.0,0.0,0.0,0.5,0.0
Gap,10,False,True,9,0,0.0,0.5,1.0,0.0,0.0,1.0,0.0,15.0,0.0,0.0,0.0,0.0,0.0,0.0,0.0,0.0,0.0,0.0,0.0
Gap,10,False,True,9,3,0.0,1.0,21.5,0.5,0.0,3.5,0.0,25.0,0.0,0.0,0.0,0.0,0.0,0.0,0.0,0.0,0.0,0.0,0.0
Gap,10,False,True,9,6,0.0,0.0,4.0,0.5,0.0,1.0,0.0,4.0,0.0,0.0,0.0,0.0,0.0,0.0,0.0,0.0,0.0,0.0,0.0
Gap,10,False,True,11,0,0.0,4.0,2.5,0.5,0.0,1.0,0.0,15.0,0.5,0.0,0.0,0.0,0.0,0.0,0.0,0.0,0.0,0.0,0.0
Gap,10,False,True,11,3,0.0,4.5,5.0,0.5,0.0,0.5,0.5,10.5,0.5,0.0,0.0,0.0,0.0,0.0,0.0,3.0,0.0,0.0,0.0
Gap,10,False,True,11,6,0.0,16.0,9.0,0.0,0.0,6.0,0.5,1.5,0.0,0.0,0.0,0.0,0.0,0.0,0.0,0.0,0.0,0.0,0.0
Gap,10,False,True,25,0,0.0,0.5,0.5,3.0,0.0,1.0,0.0,7.5,0.0,0.0,0.0,0.0,0.0,0.0,0.0,0.0,0.0,0.0,0.0
Gap,10,False,True,25,3,0.0,1.0,6.0,3.0,0.0,3.0,0.0,7.5,0.0,0.0,0.0,0.0,0.0,0.0,0.0,0.0,0.0,0.0,0.0
Gap,10,False,True,25,6,0.0,0.0,1.0,0.5,0.0,0.5,0.0,0.0,0.0,0.0,0.0,0.0,0.0,0.0,0.0,0.0,0.0,0.0,0.0
Gap,10,False,True,31,0,0.0,16.5,2.5,3.0,0.0,0.5,0.0,7.5,0.0,0.0,0.0,0.0,0.0,0.0,0.0,0.0,0.0,0.0,0.0
Gap,10,False,True,31,3,0.5,37.0,23.5,3.0,0.0,0.5,0.5,14.0,0.0,0.0,0.0,0.0,0.0,0.0,0.0,0.0,0.0,0.0,0.0
Gap,10,False,True,31,6,0.0,45.5,1.5,0.5,0.5,1.0,0.0,1.0,0.0,0.5,0.0,0.0,0.0,0.0,0.0,0.0,0.0,0.0,0.0
Gap,10,True,False,4,0,0.0,1.0,2.0,15.0,0.0,25.0,0.5,35.0,0.0,0.5,0.0,0.0,0.5,0.0,0.0,0.0,0.0,0.0,0.0
Gap,10,True,False,4,3,0.0,2.0,6.5,0.0,0.5,3.0,0.0,7.5,0.0,0.5,0.0,0.0,3.0,0.0,0.0,0.0,0.0,0.5,0.0
Gap,10,True,False,4,6,0.0,0.0,4.0,7.5,15.0,0.5,0.0,7.5,0.0,0.0,0.0,0.0,0.0,0.0,0.0,0.0,0.0,0.5,0.0
Gap,10,True,False,10,0,0.0,1.5,2.0,0.0,0.5,0.5,0.0,25.0,0.0,0.5,0.0,0.0,0.0,0.0,0.0,0.0,0.0,0.0,0.0
Gap,10,True,False,10,3,0.0,1.0,2.0,0.0,0.5,0.5,0.0,15.0,0.0,0.5,0.0,0.0,0.0,0.0,0.0,0.0,0.0,0.0,0.0
Gap,10,True,False,10,6,0.0,3.5,2.0,0.5,0.5,0.5,0.0,28.5,0.0,3.0,0.0,0.0,0.0,0.0,0.0,0.0,0.0,0.0,0.0
Gap,10,True,False,14,0,0.0,0.0,1.0,0.0,0.0,0.0,0.0,3.0,0.0,0.0,0.0,0.0,0.0,0.0,0.0,0.0,0.0,0.0,0.0
Gap,10,True,False,14,3,0.0,0.5,13.5,0.0,0.0,3.0,0.0,8.0,0.0,0.0,0.0,0.0,0.0,0.0,0.0,0.0,0.0,0.0,0.0
Gap,10,True,False,14,6,0.0,1.0,10.5,0.0,0.0,3.0,3.0,7.5,0.0,0.0,0.0,0.0,0.0,0.0,0.0,0.0,0.0,0.0,0.0
Gap,10,True,False,18,0,0.0,7.0,4.0,3.0,0.0,0.5,0.0,15.0,0.0,0.0,0.0,0.0,3.0,0.0,0.0,0.0,0.0,0.0,0.0
Gap,10,True,False,18,3,0.0,9.0,15.5,0.0,0.0,0.0,0.0,15.5,0.0,0.0,0.0,0.0,7.5,0.0,0.0,0.0,0.0,0.0,0.0
Gap,10,True,False,18,6,0.0,3.5,4.5,0.5,0.0,0.5,0.0,1.0,0.0,0.0,0.0,0.0,0.0,0.0,0.0,0.0,0.0,0.0,0.0
Gap,10,True,False,28,0,0.0,25.5,2.5,0.5,0.0,0.5,0.5,25.0,0.0,0.5,0.0,0.0,0.0,0.0,0.0,0.0,0.0,0.0,0.0
Gap,10,True,False,28,3,0.0,39.0,1.5,0.0,0.0,0.0,0.0,15.0,0.0,0.0,0.0,0.0,0.0,0.0,0.0,0.0,0.0,0.0,0.0
Gap,10,True,False,28,6,0.0,36.0,1.5,0.5,0.5,0.5,0.0,1.0,0.0,0.5,0.0,0.0,0.0,0.0,0.0,0.0,0.0,0.0,0.0
Gap,10,True,True,2,0,0.0,4.5,3.5,7.5,0.0,8.5,0.5,45.0,0.0,0.0,0.0,0.0,0.0,0.0,0.0,0.0,0.0,0.0,0.0
Gap,10,True,True,2,3,0.0,4.0,11.0,55.0,0.0,25.5,0.0,3.0,0.0,0.0,0.0,0.0,0.0,0.0,0.0,0.0,0.0,0.0,0.0
Gap,10,True,True,2,6,0.0,3.5,15.5,15.0,0.0,0.0,0.0,0.0,0.0,0.0,0.0,0.0,0.0,0.0,0.0,0.0,0.0,0.0,0.0
Gap,10,True,True,6,0,0.0,0.5,6.5,3.0,0.0,4.0,0.0,35.0,0.0,0.0,0.0,0.0,0.0,0.0,0.0,0.0,0.0,0.0,0.0
Gap,10,True,True,6,3,0.0,1.0,17.5,0.5,0.0,3.5,0.0,3.5,0.0,0.0,0.0,0.0,0.0,0.0,0.0,0.0,0.0,0.0,0.0
Gap,10,True,True,6,6,0.0,3.5,4.5,3.0,0.0,4.0,0.0,8.5,0.0,0.0,0.0,0.0,0.0,0.0,0.0,0.0,0.0,0.0,0.0
Gap,10,True,True,8,0,0.0,1.5,3.5,3.0,0.0,0.5,0.0,15.0,0.0,0.0,0.0,0.0,0.0,0.0,0.0,0.0,0.0,0.0,0.0
Gap,10,True,True,8,3,0.0,6.5,16.5,7.5,0.0,3.5,0.0,6.5,0.0,3.0,0.0,0.0,0.0,0.0,0.0,0.0,0.0,0.0,0.0
Gap,10,True,True,8,6,0.0,8.5,9.0,7.5,0.0,4.0,0.0,8.5,0.0,0.5,0.0,0.0,0.0,0.0,0.0,0.0,0.0,0.0,0.0
Gap,10,True,True,12,0,0.0,8.0,1.5,0.0,0.0,0.5,0.0,0.5,0.0,0.0,0.0,0.0,0.5,0.0,0.0,0.0,0.0,0.0,0.0
Gap,10,True,True,12,3,0.0,29.5,14.0,0.0,0.0,0.5,0.5,6.5,0.0,0.0,15.0,0.0,8.5,0.0,0.0,0.0,0.0,0.0,0.0
Gap,10,True,True,12,6,0.0,46.0,0.0,0.0,15.0,0.0,0.0,0.5,0.0,0.0,3.0,0.0,0.5,0.0,0.0,0.0,0.0,0.0,0.0
Gap,10,True,True,16,0,0.0,7.5,2.5,0.5,0.0,1.0,0.5,0.5,0.0,0.0,0.0,0.0,0.0,0.0,0.0,0.0,0.0,0.0,0.0
Gap,10,True,True,16,3,0.0,33.5,4.0,0.0,0.0,3.5,0.0,3.0,0.0,0.0,0.0,0.0,35.0,0.0,0.0,0.0,0.0,0.0,0.0
Gap,10,True,True,16,6,0.0,36.0,1.5,3.0,0.0,0.5,0.0,1.0,0.0,0.0,0.0,0.0,55.0,0.0,0.0,0.0,0.0,0.0,0.0
Gap,10,True,True,20,0,0.0,0.5,3.0,3.0,0.0,1.0,0.0,15.5,0.0,0.0,0.0,0.0,3.0,0.0,0.0,0.0,0.0,0.0,0.0
Gap,10,True,True,20,3,0.0,15.0,25.5,0.0,3.0,4.0,0.0,8.0,0.0,0.0,0.0,0.0,15.0,0.0,0.0,0.0,0.0,0.0,0.0
Gap,10,True,True,20,6,0.0,0.0,1.0,0.5,25.5,1.0,3.0,0.5,0.0,0.5,0.0,0.0,0.0,0.0,0.0,0.0,0.0,0.0,0.0
Gap,10,True,True,22,0,0.0,0.0,1.0,3.0,0.0,0.5,0.0,15.0,0.0,0.0,0.0,0.0,0.0,0.0,0.0,0.0,0.0,0.0,0.0
Gap,10,True,True,22,3,0.0,0.5,10.5,0.0,0.0,15.0,0.5,15.0,0.0,0.0,0.5,0.0,0.5,0.0,0.0,0.0,0.0,0.0,0.0
Gap,10,True,True,22,6,0.0,0.0,15.5,3.0,25.0,0.0,0.0,7.5,0.0,0.0,0.0,0.0,0.0,0.0,0.0,0.0,0.0,0.0,0.0
Gap,10,True,True,24,0,0.0,8.0,1.5,7.5,0.0,0.5,0.0,15.0,0.0,0.5,0.0,0.0,0.5,0.0,0.0,0.0,0.0,0.5,0.0
Gap,10,True,True,24,3,0.0,10.5,5.0,3.0,0.0,0.0,0.0,3.0,0.0,0.5,0.0,0.0,3.0,0.0,0.0,0.0,0.0,0.5,0.0
Gap,10,True,True,24,6,0.0,35.0,15.5,0.5,15.0,0.0,0.0,0.0,0.0,0.0,0.0,0.0,0.0,0.0,0.0,0.0,0.0,3.0,0.0
Gap,10,True,True,26,0,0.0,7.5,0.5,3.0,0.0,0.5,0.0,3.0,0.0,0.5,0.0,0.0,0.0,0.0,0.0,0.0,0.0,0.0,0.0
Gap,10,True,True,26,3,0.0,0.5,1.5,3.0,0.0,3.5,0.0,3.0,0.0,0.0,0.0,0.0,0.0,0.0,0.0,0.0,0.0,0.0,0.0
Gap,10,True,True,26,6,0.0,0.0,0.5,0.5,0.0,0.5,0.0,0.5,0.0,0.0,0.0,0.0,0.0,0.0,0.0,0.0,0.0,0.0,0.0
Gap,10,True,True,30,0,0.0,3.5,1.0,0.0,0.0,0.5,0.5,0.5,0.0,0.0,0.0,0.0,3.0,0.0,0.0,0.0,0.0,0.0,0.0
Gap,10,True,True,30,3,0.0,8.5,6.5,0.0,0.0,3.0,0.0,0.0,0.0,0.0,0.0,0.0,25.0,0.0,0.0,0.0,0.0,0.5,0.0
Gap,10,True,True,30,6,0.0,15.5,0.0,0.0,15.0,0.5,0.0,0.0,0.0,0.0,0.0,0.0,0.5,0.0,0.0,0.0,0.0,0.0,0.0
Gap,10,True,True,32,0,0.0,3.5,1.5,3.0,0.0,0.5,0.0,15.0,0.0,0.0,0.0,0.0,0.0,0.0,0.0,0.0,0.0,0.0,0.0
Gap,10,True,True,32,3,0.0,10.0,0.5,0.0,0.0,6.0,0.5,25.5,0.0,0.0,0.0,0.0,0.0,0.0,0.0,0.0,0.0,0.0,0.0
Gap,10,True,True,32,6,0.0,11.5,4.5,0.5,0.5,1.0,3.0,18.5,0.0,3.0,0.0,0.0,0.0,0.0,0.0,0.0,0.0,0.0,0.0
Gap,12,False,False,1,0,0.0,17.0,10.0,7.5,0.0,8.0,0.0,0.5,0.0,0.0,0.0,0.0,15.0,0.0,0.0,0.0,0.0,0.0,0.0
Gap,12,False,False,1,3,0.0,9.0,11.0,0.0,0.0,3.0,0.5,3.5,0.0,0.0,0.0,0.0,7.5,0.0,0.0,0.0,0.0,0.0,0.0
Gap,12,False,False,1,6,0.0,15.0,5.0,3.0,3.0,0.5,0.0,3.0,0.0,0.0,0.0,0.0,0.0,0.0,0.0,0.0,0.0,0.0,0.0
Gap,12,False,False,5,0,0.0,1.0,4.0,7.5,0.0,0.0,0.0,3.0,0.0,0.0,0.0,0.0,7.5,0.0,0.0,0.0,0.0,0.0,0.0
Gap,12,False,False,5,3,0.0,7.5,9.0,3.0,0.5,3.0,0.0,0.5,0.0,0.0,0.0,0.0,0.0,0.0,0.0,0.0,0.0,0.0,0.0
Gap,12,False,False,5,6,0.0,0.5,4.5,0.0,3.5,0.5,0.0,1.0,0.0,0.0,0.0,0.0,0.0,0.0,0.0,0.0,0.0,0.5,0.0
Gap,12,False,False,13,0,0.0,1.0,5.5,7.5,0.0,3.5,0.0,0.5,0.0,0.0,0.0,0.0,0.5,0.0,0.0,0.0,0.0,0.0,0.0
Gap,12,False,False,13,3,0.0,4.0,4.0,3.0,0.5,3.0,0.0,0.0,0.0,0.0,0.0,0.0,0.5,0.0,0.0,0.0,0.0,0.0,0.0
Gap,12,False,False,13,6,0.0,0.5,2.0,3.0,0.0,0.5,0.0,0.5,0.0,0.0,0.0,0.0,0.0,0.0,0.0,0.0,0.0,0.0,0.0
Gap,12,False,False,15,0,0.0,1.0,2.5,15.0,0.0,1.0,0.0,3.0,0.0,0.0,0.0,0.0,0.5,0.0,0.0,0.0,0.0,0.5,0.0
Gap,12,False,False,15,3,0.0,4.5,6.5,3.0,0.0,3.0,0.0,3.5,0.0,0.0,0.0,0.0,3.0,0.0,0.0,0.0,0.0,0.0,0.0
Gap,12,False,False,15,6,0.0,0.5,4.0,3.0,0.5,0.5,0.0,8.0,0.0,0.0,0.0,0.0,0.0,0.0,0.0,0.0,0.0,0.0,0.0
Gap,12,False,False,21,0,0.0,3.5,2.0,3.0,0.0,1.5,0.0,3.0,0.0,0.0,0.0,0.0,0.5,0.0,0.0,0.0,0.0,0.5,0.0
Gap,12,False,False,21,3,0.5,12.0,7.5,3.0,0.5,3.5,0.0,1.0,0.0,0.0,0.0,0.0,0.0,0.0,0.0,0.0,0.0,0.0,0.0
Gap,12,False,False,21,6,0.0,15.5,5.5,0.0,0.5,1.0,0.0,3.5,0.0,0.0,0.0,0.0,0.0,0.5,0.0,0.0,0.0,0.0,0.0
Gap,12,False,False,27,0,0.0,1.0,1.5,15.0,0.0,0.0,0.0,0.0,0.0,0.0,0.0,0.0,0.0,0.0,0.0,0.0,0.0,0.0,0.0
Gap,12,False,False,27,3,0.5,1.5,7.0,7.5,0.0,0.0,0.0,3.5,0.0,0.0,0.0,0.0,0.0,0.0,0.0,0.0,0.5,0.0,0.0
Gap,12,False,False,27,6,0.0,4.5,3.5,3.0,0.0,0.0,0.0,0.5,0.0,0.0,0.0,0.0,0.0,0.0,0.0,0.0,0.0,0.0,0.0
Gap,12,False,False,29,0,0.0,3.5,2.5,35.0,0.0,1.5,0.5,4.0,0.0,0.0,0.0,0.0,1.0,0.0,0.0,0.0,0.0,0.0,0.0
Gap,12,False,False,29,3,0.0,3.5,11.0,7.5,0.5,3.5,0.0,3.0,0.0,0.0,0.0,0.0,0.5,0.0,0.0,0.0,0.0,0.0,0.0
Gap,12,False,False,29,6,0.0,25.5,5.0,3.0,0.0,1.0,0.0,1.0,0.0,0.0,0.0,0.0,3.0,0.0,0.0,0.0,0.0,0.0,0.0
Gap,12,False,False,31,0,0.0,15.5,4.0,0.5,0.0,3.5,0.0,3.0,0.0,0.0,0.0,0.0,0.0,0.0,0.0,0.0,0.0,0.0,0.0
Gap,12,False,False,31,3,0.0,26.0,6.5,0.5,0.0,3.0,0.0,0.5,0.0,0.0,0.0,0.0,0.0,0.0,0.0,0.0,0.0,0.0,0.0
Gap,12,False,False,31,6,0.0,36.5,8.0,0.0,0.0,0.5,0.0,0.5,0.0,0.0,0.0,0.0,0.0,0.0,0.0,0.0,0.0,0.0,0.0
Gap,12,False,True,3,0,0.0,9.5,9.0,7.5,0.0,2.5,0.0,0.5,0.0,0.0,0.0,0.0,0.0,0.0,0.0,0.0,0.0,0.0,0.0
Gap,12,False,True,3,3,0.0,7.0,22.0,15.0,0.0,10.5,7.5,1.0,0.0,0.0,0.0,0.0,3.0,0.0,0.0,3.0,0.0,0.0,0.0
Gap,12,False,True,3,6,0.0,3.5,3.5,3.0,0.5,0.5,0.0,1.0,0.0,0.0,0.0,0.0,0.5,0.0,0.0,0.0,0.0,0.0,0.0
Gap,12,False,True,7,0,0.0,0.5,3.0,25.0,0.0,2.0,0.0,25.0,0.0,0.0,0.0,0.0,0.0,0.0,0.0,0.0,0.0,0.0,0.0
Gap,12,False,True,7,3,0.0,2.0,8.0,3.0,3.0,1.0,0.0,0.5,0.0,0.0,0.0,0.0,0.0,0.0,0.0,0.0,0.0,0.0,0.0
Gap,12,False,True,7,6,0.5,0.5,9.5,3.0,0.0,1.0,0.0,35.5,0.0,0.0,0.0,0.0,0.0,0.0,0.0,0.0,0.0,0.0,0.0
Gap,12,False,True,9,0,0.0,1.0,1.0,3.0,0.0,15.0,0.0,3.5,0.0,0.0,0.0,0.0,3.0,0.0,0.0,0.0,0.0,0.0,0.0
Gap,12,False,True,9,3,0.0,6.5,10.5,7.5,0.5,1.0,0.0,3.5,0.0,0.0,0.0,0.5,3.0,0.0,0.0,0.0,0.0,0.0,0.0
Gap,12,False,True,9,6,0.0,0.5,5.5,0.5,3.0,1.5,0.0,3.0,0.0,0.0,0.0,0.0,0.0,0.0,0.0,0.0,0.0,0.0,0.0
Gap,12,False,True,11,0,0.0,0.5,2.0,0.5,0.0,0.5,0.0,0.0,0.0,0.0,0.0,0.0,0.0,0.0,0.0,0.0,0.0,0.0,0.0
Gap,12,False,True,11,3,0.0,1.5,4.0,3.0,0.5,0.5,3.0,0.5,0.0,0.0,0.0,0.0,0.0,0.0,0.0,0.0,0.0,0.0,0.0
Gap,12,False,True,11,6,0.0,0.0,0.5,0.5,0.0,3.0,0.0,0.5,0.0,0.0,0.0,0.0,0.0,0.0,0.0,0.0,0.0,0.0,0.0
Gap,12,False,True,17,0,0.0,4.5,2.0,3.0,0.0,8.5,0.0,3.0,0.0,0.0,0.0,0.0,0.5,0.0,0.0,0.0,0.0,0.5,0.0
Gap,12,False,True,17,3,0.5,15.5,8.0,35.0,0.0,3.0,0.0,0.0,0.0,0.0,0.0,0.0,3.0,0.0,0.0,0.0,0.0,0.0,0.0
Gap,12,False,True,17,6,0.0,1.5,9.5,130.0,0.0,1.5,0.0,0.0,0.0,1.0,0.0,0.0,0.0,0.0,0.0,0.0,0.0,0.0,0.0
Gap,12,False,True,19,0,0.0,8.5,2.0,3.0,0.0,1.5,0.0,0.5,0.0,0.0,0.0,0.0,0.0,0.0,0.0,0.0,0.0,0.0,0.0
Gap,12,False,True,19,3,0.0,29.0,25.0,3.0,3.5,10.5,0.0,3.5,0.0,0.0,0.0,0.0,0.5,0.0,0.0,0.5,0.0,0.0,0.0
Gap,12,False,True,19,6,0.5,38.0,3.0,0.5,0.5,1.0,0.0,2.0,0.0,0.0,0.0,0.0,0.5,0.0,0.0,0.0,0.0,0.0,0.0
Gap,12,False,True,23,0,0.0,0.0,1.0,0.0,0.0,0.0,0.0,0.5,0.0,0.0,0.0,0.0,0.0,0.0,0.0,0.0,0.0,0.0,0.0
Gap,12,False,True,23,3,0.0,4.0,9.5,3.0,0.5,0.0,0.0,3.0,0.0,0.0,0.0,0.0,0.0,0.0,0.0,0.0,0.0,0.0,0.0
Gap,12,False,True,23,6,0.0,0.5,0.0,0.0,0.5,3.0,0.0,4.0,0.0,0.0,0.0,0.0,0.0,0.0,0.0,0.0,0.0,0.0,0.0
Gap,12,False,True,25,0,0.0,3.5,0.5,3.0,0.0,2.0,0.0,3.0,0.0,0.0,0.0,0.0,3.0,0.0,0.0,0.0,0.0,0.0,0.0
Gap,12,False,True,25,3,0.0,18.5,2.5,0.5,0.0,0.0,0.5,0.5,0.5,0.0,0.0,0.0,3.0,0.0,0.0,0.0,0.0,0.0,0.0
Gap,12,False,True,25,6,0.0,15.0,0.0,0.5,0.0,0.5,0.0,0.0,0.0,0.0,0.0,0.0,7.5,0.0,0.0,0.0,0.0,0.0,0.0
Gap,12,True,False,8,0,0.0,3.5,5.0,45.0,0.0,8.5,0.0,0.5,0.0,0.0,0.0,0.0,0.5,0.0,0.0,0.0,0.0,0.0,0.0
Gap,12,True,False,8,3,0.0,3.5,10.0,7.5,0.0,15.0,0.0,6.0,0.0,0.0,0.0,0.0,0.5,0.0,0.0,0.0,0.0,0.0,0.0
Gap,12,True,False,8,6,0.0,0.0,1.5,7.5,3.5,0.5,0.0,6.0,0.0,0.0,0.0,0.0,0.0,0.0,0.0,0.0,0.0,0.0,0.0
Gap,12,True,False,22,0,0.0,1.0,4.0,3.0,0.0,1.0,0.0,3.0,0.0,0.0,0.0,0.0,0.5,0.0,0.0,0.0,0.0,0.0,0.0
Gap,12,True,False,22,3,0.0,6.5,4.5,0.5,3.0,0.5,0.0,0.5,0.0,0.0,0.0,0.0,0.5,0.0,0.0,0.0,0.0,0.0,0.0
Gap,12,True,False,22,6,0.0,9.0,4.0,0.5,8.0,0.0,0.0,0.5,0.0,0.0,0.0,0.0,0.0,0.0,0.0,0.0,0.0,0.0,0.0
Gap,12,True,False,24,0,0.0,1.5,4.5,7.5,0.0,1.5,0.0,0.5,0.0,0.0,0.0,0.0,0.0,0.0,0.0,0.0,0.0,0.0,0.0
Gap,12,True,False,24,3,0.0,6.5,18.0,3.0,1.0,0.0,0.0,15.0,0.0,0.0,0.0,0.0,3.0,0.0,0.0,0.0,0.0,0.0,0.0
Gap,12,True,False,24,6,0.0,0.5,11.5,0.0,4.0,1.5,0.0,6.0,0.0,0.0,0.0,0.0,0.0,0.0,0.0,0.0,0.0,3.0,0.0
Gap,12,True,False,26,0,0.0,4.0,5.5,3.0,0.0,1.0,0.0,0.5,0.0,0.0,0.0,0.0,0.0,0.0,0.0,0.0,0.0,0.0,0.0
Gap,12,True,False,26,3,0.0,7.0,11.0,0.5,0.0,1.0,3.0,1.5,0.0,0.0,0.0,0.0,0.0,0.0,0.0,0.0,0.0,0.0,0.0
Gap,12,True,False,26,6,0.0,8.5,0.5,0.5,3.5,0.0,0.0,0.0,0.0,0.0,0.5,0.0,0.0,0.0,0.0,0.0,0.0,0.0,0.0
Gap,12,True,False,30,0,0.0,7.5,4.0,55.0,0.0,1.5,0.0,7.5,0.0,0.0,0.0,0.0,0.5,0.0,0.0,0.0,0.0,0.0,0.0
Gap,12,True,False,30,3,0.0,10.5,7.5,15.0,1.0,8.0,0.0,3.5,0.0,0.0,0.0,0.0,3.0,0.0,0.0,0.0,0.0,0.0,0.0
Gap,12,True,False,30,6,0.0,15.0,5.0,3.0,3.0,1.0,0.0,0.5,0.0,0.0,0.0,0.0,0.0,0.0,0.0,0.0,0.0,0.0,3.0
Gap,12,True,True,2,0,0.0,21.0,21.0,15.0,0.0,18.0,0.0,15.0,0.0,0.0,0.0,0.0,0.0,0.0,0.0,0.0,0.0,0.0,0.0
Gap,12,True,True,2,3,3.0,58.5,9.5,7.5,7.5,3.0,0.0,0.5,0.0,0.0,0.0,0.0,3.0,0.0,0.0,0.0,0.0,0.0,0.0
Gap,12,True,True,2,6,0.0,58.0,1.5,3.0,7.5,4.0,0.0,0.0,0.0,0.0,0.0,0.0,0.0,0.0,0.0,0.0,0.0,0.0,0.0
Gap,12,True,True,4,0,0.0,18.5,6.0,25.0,0.0,1.0,0.0,25.5,0.0,0.0,0.0,0.0,0.5,0.0,0.0,0.0,0.0,0.0,0.0
Gap,12,True,True,4,3,3.0,17.0,4.5,3.0,3.0,3.5,0.0,0.5,0.0,0.0,0.0,0.0,3.0,0.0,0.0,0.0,0.0,0.0,0.0
Gap,12,True,True,4,6,0.0,26.0,3.5,3.0,11.0,0.0,0.0,0.5,0.0,0.0,0.0,0.0,0.0,0.0,0.0,0.0,0.0,0.0,0.0
Gap,12,True,True,6,0,0.0,45.5,1.5,0.5,0.0,2.0,0.0,3.5,0.0,0.0,0.0,0.0,0.0,0.0,0.0,0.0,0.0,0.0,0.0
Gap,12,True,True,6,3,0.0,12.0,9.0,25.0,3.0,6.5,3.0,4.0,0.0,0.0,0.0,0.0,0.0,0.0,0.0,0.0,0.0,0.0,0.0
Gap,12,True,True,6,6,0.0,18.5,2.5,3.0,10.5,1.5,0.0,3.5,0.0,0.0,0.0,0.0,0.0,0.0,0.0,0.0,0.0,0.0,0.0
Gap,12,True,True,10,0,0.0,2.0,1.5,0.5,0.0,1.0,0.0,3.5,0.0,0.0,0.0,0.0,0.0,0.0,0.0,0.0,0.0,0.0,0.0
Gap,12,True,True,10,3,0.0,7.0,5.5,0.0,7.5,0.5,0.0,6.0,0.0,0.0,0.0,0.0,0.0,0.0,0.0,0.0,0.0,0.0,0.0
Gap,12,True,True,10,6,0.0,3.5,5.0,3.0,6.0,1.0,0.0,4.5,0.0,0.0,0.0,0.0,0.0,0.0,0.0,0.0,0.0,0.0,0.0
Gap,12,True,True,12,0,0.0,2.0,3.0,7.5,0.0,4.0,0.0,0.5,0.0,0.0,0.0,0.0,0.0,0.0,0.0,0.0,0.0,0.0,0.0
Gap,12,True,True,12,3,0.5,11.5,4.5,15.0,0.0,6.5,0.0,3.0,0.0,0.0,0.0,0.0,0.5,0.0,0.0,0.0,0.0,0.0,0.0
Gap,12,True,True,12,6,0.0,3.5,1.0,7.5,28.0,1.0,0.0,0.0,0.0,0.0,0.0,0.0,0.0,0.0,0.0,0.0,0.0,0.0,0.0
Gap,12,True,True,14,0,0.0,0.5,1.0,7.5,0.0,4.0,0.0,15.0,0.0,0.0,0.0,0.0,0.0,0.0,0.0,0.0,0.0,0.0,0.0
Gap,12,True,True,14,3,0.0,4.5,4.5,45.0,15.0,3.0,0.0,0.0,0.0,0.0,0.0,0.0,0.0,0.0,0.0,0.0,0.0,0.0,0.0
Gap,12,True,True,14,6,0.0,0.0,1.0,7.5,3.0,0.5,0.0,0.0,0.0,0.0,0.0,0.0,0.0,0.0,0.0,0.0,0.0,0.0,0.0
Gap,12,True,True,16,0,0.0,4.0,12.0,0.0,1.0,4.0,0.0,15.0,0.0,0.0,0.0,0.0,0.0,0.0,0.0,0.0,0.0,0.0,0.0
Gap,12,True,True,16,3,0.0,11.5,10.5,3.0,0.0,7.5,0.0,3.5,0.0,0.0,0.0,0.0,0.0,0.0,0.0,0.0,0.0,0.0,0.0
Gap,12,True,True,16,6,0.0,7.5,15.5,0.0,1.0,0.0,0.0,0.0,0.0,0.0,0.0,0.0,0.0,0.0,0.0,0.0,0.0,0.0,0.0
Gap,12,True,True,18,0,0.0,4.0,2.0,3.0,0.5,1.0,0.0,1.0,0.0,0.0,0.0,0.0,0.0,0.0,0.0,0.0,0.0,0.5,0.0
Gap,12,True,True,18,3,0.0,18.5,10.0,7.5,15.0,0.5,0.0,3.0,0.0,0.0,0.0,0.0,0.0,0.0,0.0,0.0,0.0,0.0,0.0
Gap,12,True,True,18,6,0.0,55.0,2.0,0.5,10.5,0.5,0.0,0.0,0.0,0.0,0.0,0.0,0.0,0.0,0.0,0.0,0.0,0.0,0.0
Gap,12,True,True,20,0,0.0,0.0,1.0,3.0,0.0,1.0,0.0,1.0,0.0,0.0,0.0,0.0,0.0,0.0,0.0,0.0,0.0,0.0,0.0
Gap,12,True,True,20,3,0.0,5.0,10.5,3.0,0.5,0.0,0.0,3.0,0.0,0.0,0.0,0.0,0.0,0.0,0.0,0.0,0.0,0.0,0.0
Gap,12,True,True,20,6,0.0,4.0,1.0,0.5,0.0,0.5,0.0,0.0,0.0,0.0,0.0,0.0,3.0,0.0,0.0,0.0,0.0,0.0,0.0
Gap,12,True,True,28,0,0.0,0.5,31.0,7.5,0.0,8.5,0.0,3.0,0.0,0.0,0.0,0.0,0.5,0.0,0.0,0.0,0.0,0.5,0.0
Gap,12,True,True,28,3,0.0,36.0,7.5,0.5,0.0,18.0,0.0,6.5,0.0,0.0,0.0,0.0,3.0,0.0,0.0,0.0,0.0,0.5,0.0
Gap,12,True,True,28,6,0.0,58.0,11.5,0.0,0.0,0.5,0.0,0.0,0.0,0.0,0.0,0.0,3.0,0.0,0.0,0.0,0.0,3.0,0.0
Gap,12,True,True,32,0,0.0,1.0,3.0,7.5,0.0,0.5,0.0,7.5,0.0,0.0,0.0,0.0,0.0,0.0,0.0,0.0,0.0,0.0,0.0
Gap,12,True,True,32,3,0.0,3.5,9.0,7.5,7.5,3.5,0.0,3.0,0.0,0.0,0.0,0.0,0.0,0.0,0.0,0.0,0.0,0.0,0.0
Gap,12,True,True,32,6,0.0,3.0,15.5,0.5,0.0,0.0,0.0,0.0,0.0,0.0,0.0,0.0,7.5,0.0,0.0,0.0,0.0,0.0,0.0
Radial,3,False,False,2,0,0.0,27.0,1.0,0.5,3.0,4.0,0.5,3.0,0.0,0.0,0.0,0.0,0.0,0.0,0.0,0.0,0.0,0.0,0.0
Radial,3,False,False,2,6,0.0,26.0,2.0,0.5,0.5,3.5,0.0,6.0,0.0,0.0,0.0,0.0,0.0,0.0,0.0,0.0,0.0,0.0,0.0
Radial,3,False,False,7,0,0.5,39.0,5.0,45.0,0.5,3.0,0.5,0.5,0.0,0.0,0.0,0.0,0.0,0.0,0.0,0.0,0.0,0.0,0.0
Radial,3,False,False,7,6,0.5,46.0,5.0,3.0,3.0,0.0,0.0,0.0,0.0,0.0,0.0,0.0,0.0,0.0,0.0,0.0,0.0,0.0,0.0
Radial,3,False,False,8,0,0.0,76.0,4.0,0.5,3.0,1.5,0.0,0.5,0.0,0.0,0.0,0.0,0.0,0.0,0.0,0.0,0.0,0.0,0.0
Radial,3,False,False,8,6,0.0,56.0,9.5,1.0,0.0,3.5,0.0,0.5,0.0,0.0,0.0,0.0,0.0,0.0,0.0,0.0,0.0,0.0,0.0
Radial,3,False,False,12,0,0.5,36.0,2.5,3.0,0.5,0.0,0.5,3.5,0.0,0.5,0.0,0.0,0.0,0.0,0.0,0.0,0.0,0.0,0.0
Radial,3,False,False,12,6,0.0,26.0,4.5,0.5,0.0,0.5,3.0,1.0,0.0,0.5,0.0,0.0,0.0,0.0,0.0,0.0,0.0,0.0,0.0
Radial,3,False,False,15,0,0.0,46.5,1.0,3.0,0.5,15.0,0.5,3.0,0.0,0.0,0.0,0.0,0.0,0.0,0.0,0.0,0.0,0.0,0.0
Radial,3,False,False,15,6,0.0,36.0,7.5,3.0,0.5,3.5,0.0,0.5,0.0,0.0,0.0,0.0,0.0,0.0,0.0,0.0,0.0,0.0,0.0
Radial,3,False,True,1,0,0.5,77.0,1.5,7.5,0.5,35.5,0.5,7.5,0.5,0.0,0.0,0.0,0.0,0.0,0.0,0.0,0.0,0.0,0.0
Radial,3,False,True,1,6,0.0,48.5,1.5,0.5,0.0,0.5,0.5,0.5,0.0,0.0,0.0,0.0,0.0,0.0,0.0,0.0,0.0,0.0,0.0
Radial,3,False,True,3,0,0.0,46.5,3.0,0.5,3.0,3.5,0.5,3.0,0.0,0.0,0.0,0.0,0.0,0.0,0.0,0.0,0.0,0.0,0.0
Radial,3,False,True,3,6,0.0,55.5,8.0,0.5,3.0,1.0,0.5,0.5,0.0,0.0,0.0,0.0,0.0,0.0,0.0,0.0,0.0,0.0,0.0
Radial,3,False,True,4,0,0.5,26.5,1.5,3.0,0.0,4.0,3.0,3.0,0.0,0.0,0.0,0.5,0.0,0.0,0.0,0.0,0.0,0.0,0.0
Radial,3,False,True,4,6,0.5,46.5,2.0,0.5,0.0,3.5,3.0,0.5,0.0,0.0,0.0,0.0,0.0,0.0,0.0,0.0,0.0,0.0,0.0
Radial,3,False,True,5,0,0.5,46.5,9.5,0.5,0.5,3.5,0.5,15.0,3.0,0.0,0.0,0.0,0.0,0.0,0.0,0.0,0.0,0.0,0.0
Radial,3,False,True,5,6,0.0,55.0,4.0,0.0,0.5,1.0,0.5,3.0,3.0,0.0,0.0,0.0,0.0,0.0,0.0,0.0,0.0,0.0,0.0
Radial,3,False,True,6,0,1.0,45.5,10.5,3.0,7.5,1.5,0.5,3.5,0.0,0.0,0.0,0.0,0.0,0.5,0.5,0.0,0.0,0.0,0.0
Radial,3,False,True,6,6,0.5,55.5,12.0,3.0,0.5,8.0,3.0,0.5,0.0,0.0,0.0,0.0,0.0,0.5,0.5,0.0,0.0,0.0,0.0
Radial,3,False,True,9,0,0.5,26.0,6.0,3.0,25.0,1.0,0.5,35.5,0.0,0.0,0.0,0.0,0.0,0.0,0.0,0.0,0.0,0.0,0.0
Radial,3,False,True,9,6,0.5,25.5,2.0,0.0,0.0,1.5,0.0,0.5,0.0,0.0,0.0,0.0,0.0,0.0,0.0,0.0,0.0,0.0,0.0
Radial,3,False,True,10,0,0.0,5.0,2.0,3.0,0.0,15.5,0.5,25.5,0.0,0.0,0.0,0.0,0.0,0.0,0.0,0.0,0.0,0.0,0.0
Radial,3,False,True,10,6,0.0,25.5,3.5,3.0,0.0,3.5,0.5,1.5,0.0,0.0,0.0,0.0,0.0,0.0,0.0,0.0,0.0,0.0,0.0
Radial,3,False,True,11,0,0.0,26.0,1.5,3.0,0.0,25.0,0.0,15.0,0.0,0.0,0.0,0.0,0.5,0.0,0.0,0.0,0.0,0.0,0.0
Radial,3,False,True,11,6,0.0,55.5,1.5,0.5,0.5,1.0,0.0,0.5,0.0,0.0,0.0,0.0,0.0,0.0,0.0,0.0,0.0,0.0,0.0
Radial,3,False,True,13,0,0.5,57.0,1.0,0.5,3.0,15.5,0.5,0.5,0.0,0.0,0.0,0.0,0.0,0.0,0.0,0.0,0.0,0.0,0.0
Radial,3,False,True,13,6,0.0,75.0,0.5,0.5,0.5,1.5,0.5,0.5,0.0,0.0,0.0,0.0,0.0,0.0,0.0,0.0,0.0,0.0,0.0
Radial,3,False,True,14,0,0.0,26.0,3.0,7.5,0.0,36.5,0.0,7.5,0.0,0.0,0.0,0.0,0.0,0.0,0.0,0.0,0.0,0.0,0.0
Radial,3,False,True,14,6,0.0,65.5,2.5,3.0,0.0,3.5,0.5,3.0,0.0,0.0,0.0,0.0,0.0,0.0,0.0,0.0,0.0,0.0,0.0
Radial,3,False,True,16,0,0.5,8.5,1.0,15.0,0.0,26.0,0.0,15.0,0.0,0.0,0.0,0.0,0.0,0.0,0.0,0.0,0.0,0.0,0.0
Radial,3,False,True,16,6,0.5,25.0,3.0,3.0,0.0,11.0,0.0,3.0,0.0,0.0,0.0,0.0,0.0,0.0,0.0,0.0,0.0,0.0,0.0
Radial,5,False,False,1,0,0.0,36.0,3.0,0.5,1.0,0.5,0.5,1.0,0.0,0.0,0.0,0.0,3.0,0.0,0.0,0.0,0.0,0.0,0.0
Radial,5,False,False,1,3,0.0,45.5,4.5,0.5,0.5,8.0,3.0,3.0,0.0,0.0,0.0,0.0,3.0,0.0,0.0,0.0,0.0,0.0,0.0
Radial,5,False,False,1,6,0.0,36.0,2.5,0.5,1.5,1.5,0.5,0.5,0.0,0.0,0.0,0.0,0.0,0.0,0.0,0.0,0.0,0.0,0.0
Radial,5,False,False,2,0,0.0,39.0,2.5,3.0,0.0,0.5,0.5,1.5,0.0,0.0,0.0,0.0,0.5,0.0,0.5,0.0,0.0,0.0,0.0
Radial,5,False,False,2,3,0.0,25.0,2.0,0.5,0.5,6.0,0.5,0.0,0.0,0.0,0.0,0.0,0.0,0.0,3.0,0.0,0.0,0.0,0.0
Radial,5,False,False,2,6,0.0,26.0,3.5,1.0,0.0,4.0,0.5,1.0,0.0,0.0,0.0,0.0,0.5,0.0,3.0,0.0,0.0,0.0,0.0
Radial,5,False,False,6,0,0.0,0.0,2.0,3.0,0.0,8.0,0.0,25.5,0.0,0.0,0.0,0.0,0.5,0.0,0.0,0.0,0.0,0.0,0.0
Radial,5,False,False,6,3,0.0,0.0,1.5,0.5,0.0,3.5,0.0,0.0,0.0,0.0,0.0,0.0,0.0,0.0,0.0,0.0,0.0,0.0,0.0
Radial,5,False,False,6,6,0.0,1.5,2.5,0.5,0.0,4.5,0.5,4.0,0.0,0.0,0.0,0.0,0.0,0.0,0.0,0.0,0.0,0.0,0.0
Radial,5,False,False,9,0,0.0,26.5,3.0,15.0,0.0,1.5,0.5,15.0,0.0,0.0,0.0,0.0,0.0,0.0,0.0,0.0,0.0,0.0,0.0
Radial,5,False,False,9,3,0.0,38.5,11.0,7.5,0.0,4.0,0.0,0.0,0.0,0.0,0.0,0.0,0.0,0.0,3.0,0.0,0.0,0.0,0.0
Radial,5,False,False,9,6,0.0,56.0,2.5,3.0,0.0,3.0,0.5,3.0,0.0,0.0,0.0,0.0,0.0,0.0,0.5,0.0,0.0,0.0,0.0
Radial,5,False,True,3,0,0.5,2.0,3.0,0.5,1.0,1.0,0.5,3.5,0.0,0.0,0.0,0.0,0.5,0.0,0.0,0.0,0.0,0.0,0.0
Radial,5,False,True,3,3,0.0,25.0,6.0,0.5,0.0,16.0,0.0,0.5,0.0,0.0,0.0,0.0,0.5,0.0,0.5,0.0,0.0,0.0,0.0
Radial,5,False,True,3,6,0.5,46.0,1.5,1.0,0.5,1.5,0.5,1.5,0.0,0.0,0.0,0.0,0.5,0.0,0.5,0.0,0.0,0.0,0.0
Radial,5,False,True,4,0,0.0,68.5,2.5,0.5,3.0,3.5,0.5,1.5,0.0,0.0,0.0,0.0,0.5,0.0,3.0,0.0,0.0,0.0,0.0
Radial,5,False,True,4,3,0.0,55.0,1.5,0.5,1.5,6.0,0.5,0.5,0.0,0.0,0.0,0.0,0.5,0.0,3.0,0.0,0.0,0.0,0.0
Radial,5,False,True,4,6,0.0,55.5,1.0,4.0,0.0,4.0,0.5,1.0,0.0,0.0,0.0,0.0,0.5,0.0,0.5,0.0,0.0,0.0,0.0
Radial,5,False,True,5,0,0.0,26.0,3.5,3.0,0.0,1.0,0.5,15.0,0.0,0.0,0.0,0.0,0.0,0.0,0.0,0.0,0.0,0.0,0.0
Radial,5,False,True,5,3,0.0,25.5,3.0,7.5,0.0,3.5,0.0,1.0,0.0,0.0,0.0,0.0,0.0,0.0,0.0,0.0,0.0,0.0,0.0
Radial,5,False,True,5,6,0.0,25.0,4.0,0.5,0.0,1.5,3.0,4.0,0.0,0.0,0.0,0.0,0.0,0.0,0.0,0.0,0.0,0.0,0.0
Radial,5,False,True,7,0,0.0,0.5,9.0,35.0,0.0,3.0,0.5,25.0,0.0,0.0,0.0,0.0,0.0,0.0,0.0,0.0,0.0,0.0,0.0
Radial,5,False,True,7,3,0.0,0.0,3.5,25.0,0.0,6.0,0.0,0.0,0.0,0.0,0.0,0.0,0.0,0.0,0.0,0.0,0.0,0.0,0.0
Radial,5,False,True,7,6,0.0,0.5,2.5,3.0,0.0,4.0,7.5,8.0,0.0,0.0,0.0,0.0,0.0,0.0,0.0,0.0,0.0,0.0,0.0
Radial,5,False,True,8,0,0.0,29.5,4.5,7.5,6.0,4.0,0.5,0.5,0.0,0.0,0.0,0.0,0.0,0.0,0.0,0.0,0.0,0.0,0.0
Radial,5,False,True,8,3,0.0,25.5,3.0,25.0,1.0,6.5,0.0,0.0,0.0,0.0,0.0,0.0,0.0,0.0,15.0,0.0,0.0,0.0,0.0
Radial,5,False,True,8,6,0.0,48.0,1.0,1.0,0.0,3.5,0.5,0.5,0.0,0.0,0.0,0.0,0.0,0.0,3.0,0.0,0.0,0.0,0.0
Radial,5,False,True,10,0,0.5,16.0,10.5,65.0,0.0,4.0,0.5,1.5,0.0,0.0,0.5,0.0,0.0,0.0,3.0,0.0,0.0,0.0,0.0
Radial,5,False,True,10,3,0.5,15.5,9.5,65.0,0.5,8.5,0.0,0.0,0.5,0.0,0.0,0.0,0.0,0.0,3.0,0.0,0.0,0.0,0.0
Radial,5,False,True,10,6,0.5,15.5,6.0,1.0,0.0,8.0,0.5,6.5,0.0,0.0,0.0,0.0,0.0,0.0,0.5,0.0,0.0,0.0,0.0
Radial,5,False,True,11,0,0.5,66.5,6.0,15.0,0.5,8.5,0.5,0.5,0.0,0.0,0.0,0.0,0.0,0.0,0.5,0.0,0.0,0.0,0.0
Radial,5,False,True,11,3,0.5,45.5,3.0,3.0,0.0,10.5,0.0,0.5,0.0,0.0,0.0,0.0,0.0,0.0,0.0,0.0,0.0,0.0,0.0
Radial,5,False,True,11,6,0.5,75.0,4.5,18.0,0.5,1.0,3.0,1.0,0.0,0.0,0.0,0.0,0.0,0.0,0.0,0.0,0.0,0.0,0.0
Radial,5,False,True,12,0,0.5,65.0,4.5,25.0,3.0,15.5,0.0,1.0,0.0,0.0,0.0,0.0,3.0,0.0,0.0,0.0,0.0,0.0,0.0
Radial,5,False,True,12,3,0.0,0.0,1.0,0.0,0.0,0.0,0.0,0.5,0.0,0.0,0.0,0.0,0.5,0.0,0.0,0.0,0.0,0.0,0.0
Radial,5,False,True,13,0,0.5,46.0,2.0,25.0,0.5,3.5,0.5,8.0,0.0,0.0,0.0,0.0,0.5,0.0,0.5,0.0,0.0,0.0,0.0
Radial,5,False,True,13,3,0.0,55.5,2.0,35.0,0.5,1.0,0.0,0.0,0.0,0.0,0.0,0.0,0.0,0.0,0.0,0.0,0.0,0.0,0.0
Radial,5,False,True,13,6,0.0,55.0,8.0,7.5,0.0,1.0,3.0,8.5,0.0,0.0,0.0,0.0,0.0,0.0,0.0,0.0,0.0,0.0,0.0
Radial,5,False,True,14,0,0.5,26.5,3.0,15.0,0.5,4.0,0.5,15.0,0.0,0.0,0.0,0.0,0.0,0.0,0.0,0.0,0.0,0.0,0.0
Radial,5,False,True,14,3,0.0,35.0,3.0,0.5,0.0,1.5,0.0,0.0,0.0,0.0,0.0,0.0,0.0,0.0,0.5,0.0,0.0,0.0,0.0
Radial,5,False,True,14,6,0.5,25.5,7.5,3.0,0.0,3.5,0.5,3.5,0.0,0.0,0.0,0.0,0.0,0.0,0.5,0.0,0.0,0.0,0.0
Radial,5,False,True,15,0,0.0,25.5,0.5,0.5,0.0,0.5,0.0,7.5,0.0,0.0,0.0,0.0,0.0,0.0,0.0,0.0,0.0,0.0,0.0
Radial,5,False,True,15,3,0.0,36.0,2.5,3.0,0.0,3.5,0.0,0.0,0.0,0.0,0.0,0.0,0.0,0.0,0.0,0.0,0.0,0.0,0.0
Radial,5,False,True,15,6,0.5,25.0,1.5,3.5,0.0,4.0,0.5,1.0,0.0,0.0,0.0,0.0,0.0,0.0,0.5,0.0,0.0,0.0,0.0
Radial,5,False,True,16,0,0.0,71.5,2.0,15.0,0.0,3.5,0.5,8.0,0.0,0.0,0.0,0.0,0.0,0.0,0.0,0.0,0.0,0.0,0.0
Radial,5,False,True,16,3,0.0,75.0,3.0,7.5,0.0,4.0,0.0,0.0,0.0,0.0,0.0,0.0,0.5,0.0,0.0,0.0,0.0,0.0,0.0
Radial,5,False,True,16,6,0.5,75.0,4.0,4.0,0.0,1.5,3.0,0.5,0.0,0.0,0.0,0.0,0.0,0.0,0.0,0.0,0.0,0.0,0.0
Radial,7,False,False,1,0,0.0,4.5,1.5,3.0,0.0,8.0,0.5,15.0,0.0,0.0,0.0,0.0,0.5,0.0,0.0,0.0,0.0,0.0,0.0
Radial,7,False,False,1,3,0.0,4.0,2.5,15.0,0.0,10.5,0.0,3.0,0.0,0.0,0.0,0.0,3.0,0.0,0.0,0.0,0.0,0.0,0.0
Radial,7,False,False,1,6,0.0,1.0,5.5,6.0,0.0,1.5,0.0,0.5,0.0,0.0,0.0,0.0,0.0,0.0,0.0,0.0,0.0,0.0,0.0
Radial,7,False,False,5,0,0.0,1.5,2.0,0.5,0.0,0.5,0.0,3.0,0.0,0.0,0.0,0.0,0.0,0.0,0.0,0.0,0.0,0.0,0.0
Radial,7,False,False,5,3,0.0,0.5,7.5,3.0,0.0,3.0,0.0,3.0,0.0,0.0,0.0,0.0,0.0,0.0,0.0,0.0,0.0,0.0,0.0
Radial,7,False,False,5,6,0.0,0.5,2.0,3.0,0.0,1.5,0.0,0.5,0.0,0.0,0.0,0.0,0.0,0.0,0.0,0.0,0.0,0.0,0.0
Radial,7,False,False,9,0,0.0,0.5,3.5,0.5,0.0,3.5,0.0,25.5,0.0,0.0,0.0,0.0,0.5,0.0,0.0,0.0,0.0,0.0,0.0
Radial,7,False,False,9,3,0.0,3.5,9.0,0.5,0.0,7.5,0.0,7.5,0.0,0.0,0.0,0.0,0.0,0.0,0.0,0.0,0.0,0.0,0.0
Radial,7,False,False,9,6,0.0,0.5,2.5,0.5,0.0,1.0,0.0,3.0,0.0,0.0,0.0,0.0,0.0,0.0,0.0,0.0,0.0,0.0,0.0
Radial,7,False,False,11,0,0.0,2.0,2.0,0.5,0.0,1.0,0.5,3.0,0.0,0.0,0.0,0.0,0.0,0.0,0.0,0.0,0.0,0.0,0.0
Radial,7,False,False,11,3,0.0,3.0,2.5,0.5,0.0,0.5,0.0,3.0,0.0,0.0,0.0,0.0,0.5,0.0,0.0,0.0,0.0,0.0,0.0
Radial,7,False,False,11,6,0.0,0.0,8.0,0.5,0.5,0.5,0.0,0.5,0.0,0.0,0.0,0.0,0.0,0.0,0.0,0.0,0.0,0.0,0.0
Radial,7,False,False,17,0,0.0,1.5,1.5,0.5,0.5,1.0,0.0,35.5,0.0,0.0,0.0,0.0,0.0,0.0,0.0,0.0,0.0,0.0,0.0
Radial,7,False,False,17,3,0.0,0.5,16.5,0.0,0.0,3.0,0.0,8.0,0.0,0.0,0.0,0.0,0.0,0.0,0.0,0.0,0.0,0.0,0.0
Radial,7,False,False,17,6,0.0,0.5,4.5,0.5,0.0,0.5,0.0,3.5,0.0,0.0,0.0,0.0,0.0,0.0,0.0,0.0,0.0,0.0,0.0
Radial,7,False,False,21,0,0.0,1.5,16.0,0.5,0.5,25.5,0.0,55.0,0.0,0.0,0.0,0.0,0.5,0.0,0.0,0.0,0.0,0.0,0.0
Radial,7,False,False,21,3,0.0,4.0,29.5,0.0,0.5,3.0,3.0,8.0,0.0,0.0,0.0,0.0,0.0,0.0,0.0,0.0,0.0,0.0,0.0
Radial,7,False,False,21,6,0.0,0.5,4.5,0.5,65.0,0.0,0.0,3.0,0.0,0.0,0.0,0.0,0.0,0.0,0.0,0.0,0.0,0.0,0.0
Radial,7,False,False,23,0,0.0,0.5,2.0,0.5,0.5,8.0,0.0,15.0,0.0,0.0,0.0,0.0,0.5,0.0,0.0,0.0,0.0,0.0,0.0
Radial,7,False,False,23,3,0.0,0.5,7.0,0.5,0.5,3.0,0.0,15.0,0.0,0.0,0.0,0.0,3.0,0.0,0.0,0.0,0.0,0.0,0.0
Radial,7,False,False,23,6,0.0,0.5,2.0,0.5,1.0,0.5,0.0,1.0,0.0,0.0,0.0,0.0,0.0,0.5,0.0,0.0,0.0,0.0,0.0
Radial,7,False,False,25,0,0.0,2.5,1.5,0.0,0.0,1.0,0.0,7.5,0.5,0.0,0.0,0.0,7.5,0.0,0.0,0.0,0.0,0.0,0.0
Radial,7,False,False,25,3,0.0,1.0,4.5,0.5,0.0,7.5,0.0,8.0,0.5,0.0,0.0,0.0,0.0,0.0,0.0,0.0,0.0,0.0,0.0
Radial,7,False,False,25,6,0.0,0.5,4.0,0.5,0.5,1.0,0.0,1.0,0.5,0.0,0.0,0.0,0.0,0.0,0.0,0.0,0.0,0.0,0.0
Radial,7,False,True,3,0,0.0,0.0,1.5,0.5,0.0,0.5,0.0,0.5,0.0,0.0,0.0,0.0,0.0,0.0,0.0,0.0,0.0,0.0,0.0
Radial,7,False,True,3,3,0.0,3.0,7.5,0.5,0.0,8.0,0.0,3.0,0.0,0.0,0.0,0.0,0.0,0.0,0.0,0.0,0.0,0.0,0.0
Radial,7,False,True,3,6,0.0,0.0,1.5,0.5,0.0,3.0,0.0,0.5,0.0,0.0,0.0,0.0,0.0,0.0,0.0,0.0,0.0,0.0,0.0
Radial,7,False,True,7,0,0.0,0.0,1.5,0.5,0.0,0.5,0.0,15.5,0.0,0.0,0.0,0.0,3.0,0.0,0.0,0.0,0.0,0.0,0.0
Radial,7,False,True,7,3,0.5,1.5,8.0,3.0,0.0,0.5,0.0,0.5,0.0,0.0,0.0,0.0,3.0,0.0,0.0,0.0,0.0,0.0,0.0
Radial,7,False,True,7,6,0.0,0.5,4.5,3.5,0.0,1.5,0.0,7.5,0.0,0.0,0.0,0.0,0.0,0.0,0.0,0.0,0.0,0.0,0.0
Radial,7,False,True,13,0,0.0,1.0,4.5,0.5,0.0,1.0,0.0,7.5,0.0,0.0,0.0,0.0,0.0,0.0,0.0,0.0,0.0,0.0,0.0
Radial,7,False,True,13,3,0.0,1.0,8.0,3.0,0.0,0.0,0.0,1.5,0.0,0.0,0.0,0.0,0.0,0.0,0.0,0.0,0.0,0.0,0.0
Radial,7,False,True,13,6,0.0,0.5,1.5,3.0,0.0,0.5,0.0,0.5,0.0,0.0,0.0,0.0,0.0,0.0,0.0,0.0,0.0,0.0,0.0
Radial,7,False,True,15,0,0.0,1.0,6.5,25.0,0.0,1.5,0.0,35.0,0.0,0.0,0.0,0.0,0.0,0.0,0.0,0.0,0.0,0.0,0.0
Radial,7,False,True,15,3,0.0,0.5,5.0,45.0,3.0,0.5,0.0,0.5,0.0,0.0,0.0,0.0,3.0,0.0,0.0,0.0,0.5,0.0,0.0
Radial,7,False,True,15,6,0.0,1.0,2.5,35.0,0.0,1.0,0.0,10.5,0.0,0.0,0.0,0.0,3.0,0.0,0.0,0.0,0.0,0.0,0.0
Radial,7,False,True,19,0,0.0,0.5,0.0,0.5,0.0,1.0,0.0,7.5,0.0,0.0,0.0,0.0,0.0,0.0,0.0,0.0,0.0,0.0,0.0
Radial,7,False,True,19,3,0.0,1.0,2.5,0.5,0.0,0.0,0.0,7.5,0.0,0.0,0.0,0.0,0.0,0.0,0.0,0.0,0.0,0.0,0.0
Radial,7,False,True,19,6,0.0,3.0,4.5,0.0,75.0,1.0,0.0,3.5,0.0,0.0,0.0,0.0,0.0,0.0,0.0,0.0,0.0,0.0,0.0
Radial,7,False,True,27,0,0.5,2.0,2.5,35.0,0.0,15.5,0.0,25.0,0.0,0.0,0.0,0.0,1.0,0.0,0.0,0.0,0.0,0.0,0.0
Radial,7,False,True,27,3,0.0,3.0,4.5,25.0,0.0,15.5,0.0,7.5,0.0,0.0,0.0,0.0,0.0,0.0,0.0,0.0,0.0,0.0,0.0
Radial,7,False,True,27,6,0.0,0.5,8.0,15.0,3.0,0.5,0.0,0.0,0.0,0.0,0.0,0.0,0.0,0.0,0.0,0.0,0.0,0.0,0.0
Radial,7,False,True,29,0,0.0,0.5,2.0,0.0,0.0,4.0,0.0,7.5,0.0,0.0,0.0,0.0,0.5,0.0,0.0,0.0,0.0,0.0,0.0
Radial,7,False,True,29,3,0.0,0.5,9.5,3.0,0.0,3.0,0.5,3.0,0.0,0.0,0.0,0.0,3.0,0.0,0.0,0.0,0.0,0.0,0.0
Radial,7,False,True,29,6,0.0,0.0,4.0,0.5,0.5,8.0,0.0,0.5,0.0,0.0,0.0,0.0,0.0,0.0,0.0,0.0,0.0,0.0,0.0
Radial,7,False,True,31,0,0.0,1.0,4.5,0.0,0.5,3.5,0.0,25.0,0.0,0.0,0.0,0.0,25.0,0.0,0.0,0.0,0.0,0.0,0.0
Radial,7,False,True,31,3,0.0,0.5,16.5,3.0,0.0,15.0,0.0,3.5,0.0,0.0,0.0,0.0,35.0,0.0,0.0,0.0,0.0,0.0,0.0
Radial,7,False,True,31,6,0.0,0.0,1.0,0.5,0.5,1.0,0.0,3.0,0.0,0.0,0.0,0.0,0.0,0.0,0.0,0.0,0.0,0.0,0.0
Radial,7,True,False,6,0,0.0,1.5,2.5,0.5,0.0,1.5,0.0,8.0,0.5,0.0,0.0,0.0,0.0,0.0,0.0,0.0,0.0,0.0,0.0
Radial,7,True,False,6,3,0.0,4.0,13.5,0.0,0.0,6.5,0.0,10.5,0.0,0.0,0.0,0.0,0.0,0.0,0.0,0.0,0.0,0.0,0.0
Radial,7,True,False,6,6,0.5,0.5,16.0,0.5,0.0,1.0,0.0,3.5,0.0,0.0,0.0,0.0,0.0,0.0,0.0,0.0,0.0,0.0,0.0
Radial,7,True,False,16,0,0.0,1.5,5.5,0.5,0.0,4.0,0.0,7.5,0.0,0.0,0.0,0.0,3.0,0.0,0.0,0.0,0.0,0.0,0.0
Radial,7,True,False,16,3,0.0,1.5,9.5,3.0,0.0,0.5,0.0,7.5,0.0,0.0,0.0,0.0,3.0,0.0,0.0,0.0,0.0,0.0,0.0
Radial,7,True,False,16,6,0.0,1.0,4.0,3.0,3.0,0.5,0.0,18.0,0.0,0.0,0.0,0.0,7.5,0.0,0.0,0.0,0.0,0.0,0.0
Radial,7,True,False,22,0,0.0,1.5,1.5,0.5,0.5,1.0,0.0,3.0,0.0,0.0,0.0,0.0,0.0,0.0,0.0,0.0,0.0,0.0,0.0
Radial,7,True,False,22,3,0.0,1.0,4.5,0.5,0.0,0.0,0.0,3.0,0.0,0.0,0.0,0.0,0.0,0.0,0.0,0.0,0.0,0.0,0.0
Radial,7,True,False,22,6,0.0,0.0,3.5,3.0,0.0,0.5,0.0,1.0,0.0,0.0,0.0,0.0,0.0,0.0,0.0,0.0,0.0,0.0,0.0
Radial,7,True,False,24,0,0.0,1.0,1.0,0.5,0.0,0.5,0.0,0.5,0.0,0.0,0.0,0.0,0.0,0.0,0.0,0.0,0.0,0.0,0.0
Radial,7,True,False,24,3,0.0,3.5,5.5,0.5,0.0,0.5,0.0,0.5,0.0,0.0,0.0,0.0,0.0,0.0,0.0,0.0,0.0,0.0,0.0
Radial,7,True,False,24,6,0.0,0.5,1.5,0.5,0.0,1.0,0.0,0.5,0.0,0.0,0.0,0.0,0.0,0.0,0.0,0.0,0.0,0.0,0.0
Radial,7,True,False,32,0,0.0,1.5,7.0,25.0,0.0,35.0,0.5,15.5,0.0,0.0,0.0,0.0,0.0,0.0,0.0,0.0,0.0,0.0,0.0
Radial,7,True,False,32,3,0.0,0.5,7.5,25.0,0.0,8.0,0.0,7.0,0.0,0.0,0.0,0.0,0.0,0.0,0.0,0.0,0.5,0.0,0.0
Radial,7,True,False,32,6,0.0,0.5,7.0,0.0,0.0,1.0,0.0,3.5,0.0,0.0,0.0,0.0,0.0,0.0,0.0,0.0,0.0,0.0,0.0
Radial,7,True,True,2,0,0.0,0.5,2.0,0.5,0.0,0.5,0.0,0.5,0.0,0.5,0.0,0.0,0.0,0.0,0.0,0.0,0.0,0.0,0.0
Radial,7,True,True,2,3,0.0,0.0,3.0,0.0,0.5,0.0,0.0,7.5,0.0,0.5,0.0,0.0,0.0,0.0,0.0,0.0,0.0,0.0,0.0
Radial,7,True,True,2,6,0.0,1.0,2.5,0.5,3.5,0.5,0.0,10.5,0.0,0.5,0.5,0.0,0.0,3.0,0.0,0.0,0.0,0.0,0.0
Radial,7,True,True,4,0,0.0,1.0,2.0,3.0,0.0,0.0,0.0,3.0,0.0,0.0,0.0,0.0,0.0,0.0,0.0,0.0,0.0,0.0,0.0
Radial,7,True,True,4,3,0.0,1.0,10.5,7.5,0.0,3.5,0.0,7.5,0.0,0.0,0.0,0.0,0.0,0.0,0.0,0.0,0.0,0.0,0.0
Radial,7,True,True,4,6,0.0,0.0,1.0,0.5,0.5,0.5,0.0,9.0,0.0,0.0,0.0,0.0,0.0,0.0,0.0,0.0,0.0,0.0,0.0
Radial,7,True,True,8,0,0.0,0.5,0.5,0.5,0.0,1.0,0.0,7.5,0.0,0.5,0.0,0.0,0.0,0.0,0.0,0.0,0.0,0.0,0.0
Radial,7,True,True,8,3,0.0,1.0,7.0,7.5,0.0,58.0,0.0,18.0,0.0,0.5,0.0,0.0,0.0,0.0,0.0,0.0,0.0,0.0,0.0
Radial,7,True,True,8,6,0.0,0.5,1.0,0.5,0.0,1.0,0.0,0.5,0.0,0.5,0.5,0.0,0.0,0.0,0.0,0.5,0.0,0.0,0.0
Radial,7,True,True,10,0,0.0,2.0,1.5,0.5,0.0,4.0,0.0,3.0,0.0,0.0,0.0,0.0,0.0,0.0,0.0,0.0,0.0,0.0,0.0
Radial,7,True,True,10,3,0.0,2.0,8.5,7.5,0.0,48.5,0.0,6.0,0.0,0.0,0.0,0.0,25.0,0.0,0.0,0.0,0.0,0.0,0.0
Radial,7,True,True,10,6,0.0,3.0,1.5,3.0,50.0,1.5,0.0,8.0,0.0,0.0,0.0,0.0,0.0,0.0,0.0,0.0,0.0,0.0,0.0
Radial,7,True,True,12,0,0.0,1.5,1.5,3.0,0.0,8.0,0.0,35.0,0.0,0.0,0.0,0.0,0.0,0.0,0.0,0.0,0.0,0.0,0.0
Radial,7,True,True,12,3,0.0,0.5,18.5,15.0,0.0,3.0,0.0,15.0,0.0,0.0,0.0,0.0,0.0,0.0,0.0,0.0,0.0,0.0,0.0
Radial,7,True,True,12,6,0.0,0.5,1.0,0.5,0.5,0.5,0.0,0.5,0.0,0.0,0.0,0.0,0.0,0.0,0.0,0.0,0.0,0.0,0.0
Radial,7,True,True,14,0,0.0,1.5,3.0,0.5,0.0,0.5,0.0,3.5,0.0,0.0,0.0,0.0,0.0,0.0,0.0,0.0,0.0,0.0,0.0
Radial,7,True,True,14,3,0.0,7.0,18.5,15.0,0.0,1.0,0.0,35.5,0.0,0.0,0.0,0.0,0.0,0.0,0.0,0.0,0.5,0.0,0.0
Radial,7,True,True,14,6,0.0,3.0,7.5,25.0,7.5,0.0,0.0,10.5,0.0,0.0,0.0,0.0,7.5,0.0,0.0,0.0,0.0,0.0,0.0
Radial,7,True,True,18,0,0.0,1.5,2.0,0.5,0.0,1.0,0.0,3.0,0.5,0.0,0.0,0.0,3.0,0.0,0.0,0.0,0.0,0.0,0.0
Radial,7,True,True,18,3,0.5,4.0,26.0,0.5,0.0,1.0,0.0,15.0,0.0,0.0,0.0,0.0,45.5,0.0,0.0,0.0,0.0,0.0,0.0
Radial,7,True,True,18,6,0.5,1.5,2.0,0.5,55.0,1.5,0.0,1.0,0.0,0.0,0.0,0.0,0.0,0.0,0.0,0.0,0.0,0.0,0.0
Radial,7,True,True,20,0,0.0,1.5,4.5,0.5,0.0,0.5,0.0,3.0,0.0,0.0,0.0,0.0,0.0,0.0,0.0,0.0,0.0,0.0,0.0
Radial,7,True,True,20,3,0.0,3.5,7.5,0.0,0.0,3.5,0.0,7.5,0.0,0.0,0.0,0.0,0.0,0.0,0.0,0.0,0.0,0.0,0.0
Radial,7,True,True,20,6,0.0,4.0,8.0,0.5,85.0,1.5,0.0,3.5,0.0,0.0,0.0,0.0,0.0,0.0,0.0,0.0,0.0,0.0,0.0
Radial,7,True,True,26,0,0.0,2.0,3.5,7.5,0.0,1.5,0.0,58.0,0.0,0.0,0.0,0.0,0.0,0.0,0.0,0.0,0.0,0.0,0.0
Radial,7,True,True,26,3,0.0,0.5,9.0,7.5,0.5,1.0,0.0,25.0,0.0,0.0,0.0,0.0,3.0,0.0,0.0,0.0,0.0,0.0,0.0
Radial,7,True,True,26,6,0.0,3.5,1.0,0.5,51.0,0.5,0.0,3.0,0.0,0.0,0.0,0.5,0.0,0.0,0.0,0.0,0.0,0.0,0.0
Radial,7,True,True,28,0,0.0,1.5,2.0,0.5,0.0,0.5,0.0,3.0,0.0,0.5,0.0,0.0,0.5,0.0,0.0,0.0,0.0,0.0,0.0
Radial,7,True,True,28,3,0.0,1.5,4.0,3.0,0.0,0.5,0.5,15.0,0.0,3.0,0.0,0.0,0.5,0.0,0.0,0.0,0.0,0.0,0.0
Radial,7,True,True,28,6,0.0,0.5,1.0,0.5,0.5,0.0,0.0,0.5,0.0,0.5,0.0,0.0,0.0,0.0,0.0,0.0,0.0,0.0,0.0
Radial,7,True,True,30,0,0.0,2.0,3.0,15.0,0.0,1.0,0.0,0.0,0.0,0.0,0.0,0.0,8.0,0.0,0.0,0.0,0.0,0.0,0.0
Radial,7,True,True,30,3,0.0,6.0,19.0,3.0,0.0,18.0,0.0,0.5,0.0,0.0,0.0,0.0,45.0,0.0,0.0,0.0,0.0,0.0,0.0
Radial,7,True,True,30,6,0.0,3.5,3.0,0.5,45.5,3.5,0.0,0.5,0.0,0.0,0.0,0.0,0.0,0.0,0.0,0.0,0.0,0.0,0.0
Radial,9,False,False,15,0,0.0,1.5,5.0,0.5,0.0,0.5,0.0,0.5,0.0,0.0,0.0,0.0,0.0,0.0,0.0,0.0,0.0,0.0,0.0
Radial,9,False,False,15,3,0.0,3.5,7.5,0.5,0.0,0.0,0.0,0.0,0.0,0.0,0.0,0.0,0.0,0.0,0.0,0.0,0.0,0.0,0.0
Radial,9,False,False,15,6,0.0,0.5,3.0,0.0,0.0,0.5,0.0,0.5,0.0,0.0,0.0,0.0,0.0,0.0,0.0,0.0,0.0,0.0,0.0
Radial,9,False,False,17,0,0.0,2.0,5.5,7.5,0.0,16.0,0.0,0.5,0.0,0.0,0.0,0.0,0.0,0.0,0.0,0.0,0.0,0.0,0.0
Radial,9,False,False,17,3,0.0,4.0,11.0,3.0,0.0,18.5,0.0,0.0,0.0,0.0,0.0,0.0,0.0,0.0,0.0,0.0,0.0,0.0,0.0
Radial,9,False,False,17,6,0.0,1.0,4.0,3.0,0.0,1.0,0.0,3.5,0.0,0.0,0.0,0.0,0.0,0.0,0.0,0.0,0.0,0.0,0.0
Radial,9,False,True,1,0,0.0,4.5,13.0,15.0,0.0,4.0,0.0,18.0,0.0,0.0,0.5,0.0,0.5,0.0,0.0,0.0,0.0,0.0,0.0
Radial,9,False,True,1,3,0.0,3.5,5.0,0.5,0.0,8.0,0.0,6.5,0.0,0.0,0.0,0.0,0.5,0.0,0.0,0.0,0.0,0.0,0.0
Radial,9,False,True,1,6,0.0,1.0,7.5,0.5,0.0,0.5,0.0,1.0,0.0,0.0,0.0,0.0,0.0,0.0,0.0,0.0,0.0,0.0,0.0
Radial,9,False,True,3,0,0.0,1.0,13.0,7.5,0.0,0.5,3.0,3.0,0.0,3.0,0.0,0.0,3.0,0.0,0.0,0.0,0.0,0.0,0.0
Radial,9,False,True,3,3,0.0,1.0,20.5,45.0,0.0,1.0,0.5,3.5,0.0,3.0,0.0,0.0,3.0,0.0,0.0,0.0,0.0,0.0,0.0
Radial,9,False,True,3,6,0.0,26.5,4.0,3.0,0.0,1.0,0.0,3.0,0.0,3.0,0.0,0.0,0.5,0.0,0.0,0.0,0.0,0.0,0.0
Radial,9,False,True,5,0,0.0,8.5,2.0,7.5,0.0,8.5,0.0,3.0,0.0,0.0,0.0,0.0,0.0,0.0,0.0,0.0,0.0,0.0,0.0
Radial,9,False,True,5,3,0.0,24.0,8.0,7.5,0.0,3.5,0.0,3.0,0.0,0.0,0.0,0.0,0.0,0.0,0.0,0.0,0.0,0.0,0.0
Radial,9,False,True,5,6,0.0,0.5,1.0,3.0,0.0,1.0,0.0,0.5,0.0,0.0,0.0,0.0,0.0,0.0,0.0,0.0,0.0,0.0,0.0
Radial,9,False,True,7,0,0.0,2.0,1.5,0.5,0.0,3.0,0.0,0.5,0.0,0.0,0.0,0.0,3.0,0.0,0.0,0.0,0.0,0.0,0.0
Radial,9,False,True,7,3,0.0,4.5,5.0,3.0,0.0,7.5,0.0,1.0,0.0,0.0,0.0,0.0,3.0,0.0,0.0,0.0,0.0,0.0,0.0
Radial,9,False,True,7,6,0.0,3.0,1.0,0.5,3.0,0.5,0.0,0.5,0.0,0.0,0.0,0.0,0.0,0.0,0.0,0.0,0.0,0.0,0.0
Radial,9,False,True,9,0,0.0,2.0,6.5,15.0,0.0,36.5,0.0,0.5,0.0,0.0,0.0,0.0,0.0,0.0,0.0,0.0,0.0,0.0,0.0
Radial,9,False,True,9,3,0.0,1.5,13.0,25.0,0.0,4.0,0.0,8.0,0.0,0.0,0.0,0.0,0.0,0.0,0.0,0.0,0.0,0.0,0.0
Radial,9,False,True,9,6,0.0,0.5,1.5,15.0,0.0,0.5,0.0,0.5,0.0,0.0,0.0,0.0,0.0,0.0,0.0,0.0,0.0,0.0,0.0
Radial,9,False,True,11,0,0.0,4.0,1.0,0.5,0.0,0.0,0.0,0.5,0.0,0.0,0.0,0.0,0.0,0.0,0.0,0.0,0.0,0.0,0.0
Radial,9,False,True,11,3,0.0,3.0,3.5,15.0,0.0,1.0,0.5,1.5,0.0,0.0,0.0,0.0,0.0,0.0,0.0,0.0,0.0,0.0,0.0
Radial,9,False,True,11,6,0.0,0.0,1.5,3.0,0.0,0.5,0.0,0.5,0.0,0.0,0.0,0.0,0.0,0.0,0.0,0.0,0.0,0.0,0.0
Radial,9,False,True,13,0,0.0,1.5,2.0,0.5,0.0,0.5,0.0,0.0,0.0,0.0,0.0,0.0,0.0,0.0,0.0,0.0,0.0,0.0,0.0
Radial,9,False,True,13,3,0.0,0.5,1.5,0.0,0.0,0.5,0.0,3.0,0.0,0.0,0.0,0.0,0.0,0.0,0.0,0.0,0.0,0.0,0.0
Radial,9,False,True,13,6,0.0,0.5,0.5,0.0,0.0,0.5,0.0,0.5,0.0,0.0,0.0,0.0,0.0,0.0,0.0,0.0,0.0,0.0,0.0
Radial,9,False,True,19,0,0.0,4.5,2.5,3.0,0.0,1.5,0.0,3.0,0.0,0.0,0.0,0.0,7.5,0.0,0.0,0.0,0.0,0.0,0.0
Radial,9,False,True,19,3,0.0,8.0,15.0,35.0,0.0,3.5,0.0,7.0,0.0,0.0,0.0,0.0,3.0,0.0,0.0,0.0,0.0,0.0,0.0
Radial,9,False,True,19,6,0.0,8.0,2.0,3.0,7.5,0.5,0.0,3.5,3.0,0.0,0.0,0.0,0.5,0.0,0.0,0.0,0.0,0.0,0.0
Radial,9,False,True,21,0,0.0,2.0,5.5,3.0,25.0,1.0,0.0,1.0,0.0,0.0,0.0,0.0,0.5,0.0,0.0,0.0,0.0,0.0,0.0
Radial,9,False,True,21,3,0.0,3.0,27.5,7.5,0.0,6.0,3.0,15.5,0.0,0.0,0.0,0.0,0.0,0.0,0.0,0.0,0.0,0.0,0.0
Radial,9,False,True,21,6,0.0,0.0,1.0,7.5,3.0,1.0,0.0,1.5,0.0,0.0,0.0,0.0,0.5,0.0,0.0,0.0,0.0,0.0,0.0
Radial,9,False,True,23,0,0.0,4.5,5.0,7.5,0.0,26.5,0.0,3.0,0.0,0.0,0.0,0.0,0.0,0.0,0.0,0.0,0.0,0.0,0.0
Radial,9,False,True,23,3,0.0,4.0,19.5,7.5,0.0,11.0,3.0,11.0,0.0,0.0,0.0,0.0,0.0,0.0,0.0,0.0,0.0,0.0,0.0
Radial,9,False,True,23,6,0.0,0.5,3.5,3.0,0.5,4.0,0.0,1.0,0.0,0.0,0.0,0.0,0.0,0.0,0.0,0.0,0.0,0.0,0.0
Radial,9,False,True,25,0,0.0,2.0,7.5,35.0,0.0,1.0,0.0,35.0,0.0,0.0,0.0,0.0,0.0,0.0,0.0,0.0,0.0,0.0,0.0
Radial,9,False,True,25,3,0.0,3.5,27.5,55.0,10.5,6.0,0.0,0.5,0.0,0.0,0.0,0.0,0.0,0.0,0.0,0.0,0.0,0.0,0.0
Radial,9,False,True,25,6,0.0,1.0,5.0,0.5,0.0,1.5,0.0,15.0,0.0,0.0,0.0,0.0,0.0,0.0,0.0,0.0,0.0,0.0,0.0
Radial,9,False,True,27,0,0.0,4.5,9.0,15.0,0.0,6.5,0.0,0.5,0.0,0.0,0.0,0.0,0.0,0.0,0.0,0.0,0.5,0.0,0.0
Radial,9,False,True,27,3,0.0,6.5,13.5,65.0,0.5,6.0,3.0,6.0,0.0,0.0,0.0,0.0,0.0,0.0,0.0,0.0,0.0,0.0,0.0
Radial,9,False,True,27,6,0.0,0.0,1.0,55.0,0.5,1.5,0.0,1.0,0.0,0.0,0.0,0.0,0.0,0.0,0.0,0.0,0.0,0.0,0.0
Radial,9,False,True,29,0,0.0,2.0,16.0,7.5,0.0,1.5,0.0,0.0,0.0,0.0,0.0,0.0,7.5,0.0,0.0,0.0,0.5,0.0,0.0
Radial,9,False,True,29,3,0.0,15.5,20.5,25.0,0.0,18.0,0.0,0.0,0.0,0.0,0.0,0.0,0.0,0.0,0.0,0.0,0.0,0.0,0.0
Radial,9,False,True,29,6,0.0,0.5,4.5,3.0,3.0,1.0,0.0,0.0,0.0,0.0,0.0,0.0,0.0,0.0,0.0,0.0,0.0,0.0,0.0
Radial,9,False,True,31,0,0.5,3.0,2.5,15.0,0.0,36.5,0.0,8.0,0.0,0.0,0.0,0.0,0.0,0.0,0.0,0.0,0.0,0.0,0.0
Radial,9,False,True,31,3,0.0,16.5,3.5,75.0,0.0,7.5,0.0,8.0,0.0,0.0,0.0,0.0,0.0,0.0,0.0,0.0,0.0,0.0,0.0
Radial,9,False,True,31,6,0.0,25.5,2.0,15.0,0.0,0.0,0.0,8.0,0.0,0.0,0.0,0.0,0.0,0.0,0.0,0.0,0.0,0.0,0.0
Radial,9,True,False,10,0,0.5,4.0,9.0,45.0,0.0,7.5,0.0,3.0,0.0,0.0,0.0,0.0,0.0,0.0,0.0,0.0,0.0,0.0,0.0
Radial,9,True,False,10,3,0.0,1.5,19.0,3.0,0.0,35.0,0.0,3.0,0.0,0.0,0.0,0.0,0.0,0.0,0.0,0.0,0.0,0.0,0.0
Radial,9,True,False,10,6,0.0,3.0,1.5,1.0,0.0,0.5,0.0,7.5,0.0,0.0,0.0,0.0,0.0,0.0,0.0,0.0,0.0,0.0,0.0
Radial,9,True,False,14,0,0.0,1.0,4.5,15.0,0.0,8.0,0.0,15.0,0.0,0.0,0.0,0.0,15.0,0.0,0.0,0.0,0.0,0.0,0.0
Radial,9,True,False,14,3,0.0,1.5,10.0,3.0,3.5,15.5,0.0,0.5,0.0,0.0,0.0,0.0,3.0,0.0,0.0,0.0,0.0,0.0,0.0
Radial,9,True,False,14,6,0.0,1.5,5.5,3.0,9.0,1.0,0.0,1.0,0.0,0.0,0.0,0.0,0.0,0.0,0.0,0.0,0.0,0.0,0.0
Radial,9,True,True,2,0,0.0,1.0,4.5,3.0,0.0,1.0,0.0,7.5,0.0,0.0,0.0,0.5,0.5,0.0,0.0,0.0,0.0,0.0,0.0
Radial,9,True,True,2,3,0.0,14.0,17.5,7.5,0.5,1.0,0.0,8.0,0.0,0.0,0.0,0.0,0.0,0.0,0.0,0.0,0.0,0.0,0.0
Radial,9,True,True,2,6,0.0,0.5,1.0,3.0,0.0,0.5,0.0,0.5,0.0,0.0,0.0,0.0,0.0,0.0,0.0,0.0,0.0,0.0,0.0
Radial,9,True,True,4,0,0.0,1.5,5.5,3.0,0.0,1.0,0.0,0.5,0.0,0.0,0.0,0.0,7.5,0.0,0.0,0.0,0.0,0.0,0.0
Radial,9,True,True,4,3,0.0,13.5,10.5,3.0,0.0,0.5,0.0,3.0,0.0,0.0,0.0,0.0,7.5,0.0,0.0,0.0,0.0,0.0,0.0
Radial,9,True,True,4,6,0.0,20.0,3.5,0.0,70.0,0.5,0.0,0.0,0.0,0.0,0.0,0.0,0.0,0.0,0.0,0.0,0.0,0.0,0.0
Radial,9,True,True,6,0,0.0,4.5,10.0,55.0,0.0,0.5,0.0,1.0,0.0,0.0,0.0,0.0,0.0,0.0,0.0,0.0,0.0,0.0,0.0
Radial,9,True,True,6,3,0.0,6.5,10.5,25.0,0.0,3.0,0.0,0.5,0.0,0.0,0.0,0.0,0.0,0.0,0.0,0.0,0.0,0.0,0.0
Radial,9,True,True,6,6,0.0,3.5,19.0,3.0,3.0,0.0,0.0,3.0,0.0,0.0,0.0,0.0,0.0,0.0,0.0,0.0,0.0,0.0,0.0
Radial,9,True,True,8,0,0.0,11.0,5.5,15.0,0.0,0.5,0.0,1.0,0.0,0.0,0.0,0.0,7.5,0.0,0.0,0.0,0.0,0.0,0.0
Radial,9,True,True,8,3,0.0,6.5,2.0,0.5,0.0,0.5,0.0,8.0,0.0,0.0,0.0,0.0,25.0,0.0,0.0,0.0,0.0,0.0,0.0
Radial,9,True,True,8,6,0.0,15.0,1.0,15.0,25.0,0.0,0.0,3.0,0.0,0.0,0.0,0.0,0.0,0.0,0.0,0.0,0.0,0.0,0.0
Radial,9,True,True,12,0,0.5,16.0,1.5,3.0,0.0,1.5,0.0,25.0,0.0,0.0,0.0,0.0,0.0,0.0,0.0,0.0,0.0,0.0,0.0
Radial,9,True,True,12,3,0.5,15.0,5.0,3.0,0.0,8.0,0.0,3.0,0.0,0.0,0.0,0.0,0.0,0.0,0.0,0.0,0.0,0.0,0.0
Radial,9,True,True,12,6,0.0,26.0,6.0,0.5,0.0,1.0,0.0,1.0,0.0,0.0,0.0,0.0,0.0,0.0,0.0,0.0,0.0,0.0,0.0
Radial,9,True,True,16,0,0.0,4.0,4.0,0.5,0.0,3.5,0.0,3.0,0.0,0.0,0.0,0.0,0.0,0.0,0.0,0.0,0.0,0.0,0.0
Radial,9,True,True,16,3,0.0,7.5,13.5,35.0,0.0,6.5,0.0,6.0,0.0,0.0,0.0,0.0,0.0,0.0,0.0,0.0,0.0,0.0,0.0
Radial,9,True,True,16,6,0.0,3.0,1.5,8.0,0.0,1.5,0.0,1.0,0.0,0.0,0.0,0.0,0.0,0.0,0.0,0.0,0.0,0.0,0.0
Radial,9,True,True,18,0,0.0,0.0,2.5,15.0,0.0,0.0,0.0,15.0,0.0,0.0,0.0,0.5,0.0,0.0,0.0,0.0,0.0,0.0,0.0
Radial,9,True,True,18,3,0.0,4.0,44.0,45.0,0.0,3.0,0.0,6.0,0.0,0.0,0.0,0.0,0.0,0.0,0.0,0.0,0.0,0.0,0.0
Radial,9,True,True,18,6,0.0,0.5,5.0,0.0,0.0,18.0,0.0,8.0,0.0,0.0,0.0,0.0,0.0,0.0,0.0,0.0,0.0,0.0,0.0
Radial,9,True,True,20,0,0.0,1.5,9.0,3.0,0.0,0.5,0.0,3.0,0.0,0.0,0.0,0.0,0.0,0.0,0.0,0.0,0.0,0.0,0.0
Radial,9,True,True,20,3,0.5,4.5,25.0,7.5,0.0,0.5,0.0,26.0,0.0,0.0,0.0,0.0,0.0,0.0,0.0,3.0,0.0,0.0,0.0
Radial,9,True,True,20,6,0.0,0.0,10.0,0.5,0.0,1.0,0.0,18.0,0.0,0.0,0.0,0.0,0.0,0.0,0.0,0.0,0.0,0.0,0.0
Radial,9,True,True,22,0,0.0,8.5,3.0,0.5,0.0,0.5,0.0,7.5,0.0,0.0,0.0,0.0,0.5,0.0,0.0,0.0,0.0,0.0,0.0
Radial,9,True,True,22,3,0.0,1.0,6.0,7.5,0.0,3.5,0.0,38.5,0.0,0.0,0.0,0.0,0.5,0.0,0.0,0.0,0.0,0.0,0.0
Radial,9,True,True,22,6,0.0,0.0,4.5,0.5,3.5,1.0,0.0,8.0,0.0,0.0,0.0,0.0,0.0,0.0,0.0,0.0,0.0,0.0,0.0
Radial,9,True,True,24,0,0.0,2.0,11.0,7.5,0.0,8.0,0.0,1.0,0.0,0.0,3.0,0.0,0.0,0.0,0.0,0.0,0.0,0.0,0.0
Radial,9,True,True,24,3,0.0,11.5,29.0,45.0,0.0,18.0,0.0,13.5,0.0,0.0,7.5,0.0,0.5,0.0,0.0,0.0,0.0,3.0,0.0
Radial,9,True,True,24,6,0.0,0.5,0.5,7.5,0.0,0.5,0.0,0.0,0.0,0.0,0.0,0.0,0.0,0.0,0.0,0.0,0.0,0.5,0.0
Radial,9,True,True,26,0,0.0,5.0,7.0,0.5,0.0,3.5,0.0,15.0,0.0,0.0,0.0,0.0,3.0,0.0,0.0,0.0,0.0,0.0,0.0
Radial,9,True,True,26,3,0.0,11.0,24.0,0.0,0.5,10.5,3.0,15.5,0.0,0.0,0.0,0.0,0.0,0.0,0.0,0.0,0.0,0.0,0.0
Radial,9,True,True,26,6,0.0,15.5,8.5,0.0,0.0,0.5,0.0,1.5,0.0,0.0,0.0,0.0,0.0,0.0,0.0,0.0,0.0,0.0,0.0
Radial,9,True,True,28,0,0.0,2.5,5.5,0.0,0.0,16.0,0.0,15.0,0.0,0.0,0.0,0.0,0.0,0.0,0.0,0.0,0.0,0.0,0.0
Radial,9,True,True,28,3,0.0,2.0,19.5,25.0,0.0,10.5,3.0,3.5,0.0,0.0,0.0,0.0,3.0,0.0,0.0,0.0,0.0,0.0,0.0
Radial,9,True,True,28,6,0.0,4.5,2.0,0.5,0.0,1.5,0.0,0.0,0.0,0.0,0.0,0.0,0.0,0.0,0.0,0.0,0.0,0.0,0.0
Radial,9,True,True,30,0,0.0,2.0,8.5,3.0,0.0,4.0,0.5,0.5,0.0,0.0,3.0,0.0,3.0,0.0,0.0,0.0,0.0,0.0,0.0
Radial,9,True,True,30,3,0.0,0.5,3.5,75.0,0.0,3.0,0.0,0.0,0.0,0.0,3.0,0.0,15.0,0.0,0.0,0.0,0.0,0.0,0.0
Radial,9,True,True,30,6,0.0,0.0,1.0,3.0,25.0,1.0,0.0,0.5,0.0,0.0,0.0,0.0,0.0,0.0,0.0,0.0,0.0,0.0,0.0
Radial,9,True,True,32,0,0.0,1.5,5.5,3.0,0.0,15.0,0.0,7.5,0.0,0.0,0.0,0.0,0.0,0.0,0.0,0.0,0.0,0.0,0.0
Radial,9,True,True,32,3,0.0,4.0,15.0,3.0,3.0,3.5,3.0,1.0,0.0,0.0,0.0,0.0,3.0,0.0,0.0,0.0,0.0,0.0,0.0
Radial,9,True,True,32,6,0.0,0.5,3.5,0.5,25.0,1.0,0.0,15.0,0.0,0.0,0.0,0.0,0.0,0.0,0.0,0.0,0.0,0.0,0.0
